:020000040800F2
:10000000402A0024A1110008496700088D1100084A
:100010008D1100088D1100088D11000800000000EE
:10002000000000000000000000000000D9110008DE
:100030008D11000800000000CD13000839350008BC
:10004000451400084514000845140008451400082C
:10005000451400084514000845140008451400081C
:10006000451400084514000845140008451400080C
:1000700045140008451400084514000845140008FC
:1000800045140008451400084514000845140008EC
:1000900045140008451400084514000845140008DC
:1000A00045140008451400084514000845140008CC
:1000B00045140008451400084514000845140008BC
:1000C00045140008451400084514000845140008AC
:1000D000451400084514000845140008451400089C
:1000E000451400084514000845140008451400088C
:1000F000451400084514000845140008451400087C
:10010000451400084514000845140008451400086B
:10011000451400084514000845140008451400085B
:10012000451400084514000845140008451400084B
:10013000451400084514000845140008451400083B
:10014000451400084514000845140008451400082B
:10015000451400084514000845140008451400081B
:10016000451400084514000845140008451400080B
:1001700045140008451400084514000845140008FB
:1001800045140008451400084514000845140008EB
:1001900045140008451400084514000845140008DB
:1001A00045140008451400084514000845140008CB
:0401B00045140008EA
:1001B40080F0004002E000BF81F0004142001FBF18
:1001C4005FEA410392EA030F7FEA226C7FEA236C21
:1001D4006AD04FEA1262D2EB1363C1BFD218414016
:1001E40048404140B8BF5B42192B88BF704710F0AC
:1001F400004F40F4000020F07F4018BF404211F04F
:10020400004F41F4000121F07F4118BF494292EAB6
:10021400030F3FD0A2F1010241FA03FC10EB0C00E2
:10022400C3F1200301FA03F100F0004302D549426F
:1002340060EB4000B0F5000F13D3B0F1807F06D31C
:1002440040084FEA310102F10102FE2A51D2B1F114
:10025400004F40EBC25008BF20F0010040EA030009
:100264007047490040EB0000013A28BFB0F5000F89
:10027400EDD2B0FA80FCACF1080CB2EB0C0200FA3F
:100284000CF0AABF00EBC25052421843BCBFD0408E
:100294001843704792F0000F81F4000106BF80F408
:1002A40000000132013BB5E74FEA41037FEA226CCB
:1002B40018BF7FEA236C21D092EA030F04D092F096
:1002C400000F08BF0846704790EA010F1CBF0020CA
:1002D400704712F07F4F04D1400028BF40F0004027
:1002E400704712F100723CBF00F50000704700F047
:1002F400004343F0FE4040F4000070477FEA22626E
:1003040016BF08467FEA23630146420206BF5FEA3E
:10031400412390EA010F40F4800070474FF000033E
:1003240004E000BF10F0004348BF40425FEA000C05
:1003340008BF704743F0964301464FF000001CE0AD
:1003440050EA010208BF70474FF000030AE000BF03
:1003540050EA010208BF704711F0004302D5404241
:1003640061EB41015FEA010C02BF844601460020B3
:1003740043F0B64308BFA3F18053A3F50003BCFACE
:100384008CF2083AA3EBC25310DB01FA02FC63447B
:1003940000FA02FCC2F12002BCF1004F20FA02F282
:1003A40043EB020008BF20F00100704702F1200275
:1003B40001FA02FCC2F1200250EA4C0021FA02F2D6
:1003C40043EB020008BF20EADC7070474FF0FF0CDB
:1003D4001CEAD0521EBF1CEAD15392EA0C0F93EAD6
:1003E4000C0F6FD01A4480EA010C400218BF5FEA78
:1003F40041211ED04FF0006343EA501043EA5111EB
:10040400A0FB01310CF00040B1F5000F3EBF4900E4
:1004140041EAD3715B0040EA010062F17F02FD2AE8
:100424001DD8B3F1004F40EBC25008BF20F00100CB
:10043400704790F0000F0CF0004C08BF49024CEAE2
:10044400502040EA51207F3AC2BFD2F1FF0340EA74
:10045400C250704740F400004FF00003013A5DDCE5
:1004640012F1190FDCBF00F000407047C2F1000226
:10047400410021FA02F1C2F1200200FA02FC5FEA13
:10048400310040F1000053EA4C0308BF20EADC705D
:10049400704792F0000F00F0004C02BF400010F4CF
:1004A400000F013AF9D040EA0C0093F0000F01F07C
:1004B400004C02BF490011F4000F013BF9D041EA9E
:1004C4000C018FE70CEAD15392EA0C0F18BF93EAA0
:1004D4000C0F0AD030F0004C18BF31F0004CD8D1CA
:1004E40080EA010000F00040704790F0000F17BF51
:1004F40090F0004F084691F0000F91F0004F14D097
:1005040092EA0C0F01D142020FD193EA0C0F03D1EE
:100514004B0218BF084608D180EA010000F00040F1
:1005240040F0FE4040F40000704740F0FE4040F4CC
:10053400400070474FF0FF0C1CEAD0521EBF1CEA6B
:10054400D15392EA0C0F93EA0C0F69D0A2EB030289
:1005540080EA010C49024FEA402037D04FF0805323
:1005640043EA111143EA10130CF000408B4238BFE8
:100574005B0042F17D024FF4000C8B4224BF5B1AF6
:1005840040EA0C00B3EB510F24BFA3EB510340EA44
:100594005C00B3EB910F24BFA3EB910340EA9C00F2
:1005A400B3EBD10F24BFA3EBD10340EADC001B0162
:1005B40018BF5FEA1C1CE0D1FD2A3FF650AF8B4206
:1005C40040EBC25008BF20F0010070470CF0004C13
:1005D4004CEA50207F32C2BFD2F1FF0340EAC2503E
:1005E400704740F400004FF00003013A37E792F0FF
:1005F400000F00F0004C02BF400010F4000F013A5D
:10060400F9D040EA0C0093F0000F01F0004C02BF57
:10061400490011F4000F013BF9D041EA0C0195E7C0
:100624000CEAD15392EA0C0F08D142027FF47DAF59
:1006340093EA0C0F7FF470AF084676E793EA0C0F49
:1006440004D14B023FF44CAF08466EE730F0004C47
:1006540018BF31F0004CCAD130F000427FF45CAFD7
:1006640031F000437FF43CAF5FE700BF42000ED29D
:10067400B2F1FE4F0BD34FF09E03B3EB126209D4D9
:100684004FEA002343F0004323FA02F070474FF08F
:100694000000704712F1610F01D1420202D14FF004
:1006A400FF3070474FF00000704700BF53B94AB99C
:1006B400002908BF00281CBF4FF0FF314FF0FF3066
:1006C40000F00CB8ADF1080C6DE904CE00F012F89E
:1006D400DDF804E0DDE9022304B07047704700BF91
:1006E40010F8012B11F8013B012A28BF9A42F7D0D8
:1006F400D01A70472DE9F0478C468E46089E154661
:1007040004461946002B40F0D080724547D9B2FA0E
:1007140082F74FB1C7F120030EFA07FC20FA03F366
:10072400BD4043EA0C0CBC404FEA154EA8B2BCFBDA
:10073400FEF8230C0EFB18CC08FB00F943EA0C432B
:10074400994528D9EB1808F1FF3204D2994502D90A
:10075400A8F102022B44A3EB0903A4B2B3FBFEFCF1
:100764000EFB1C330CFB00F044EA0344A04214D9F2
:100774002C190CF1FF3304D2A04202D9ACF10203CC
:100784002C44241A43EA02401EB1FC400023346086
:100794007360BDE8F0874246DDE76346F1E7002A6F
:1007A40079D0B2FA82F3002B3FD01946C1F120036D
:1007B40002FA01F52EFA03F20EFA01FE20FA03F30F
:1007C40043EA0E034FEA154E00FA01F4B2FBFEFCB5
:1007D400AFB20EFB1C201A0C0CFB07F842EA0042D5
:1007E40090455AD9AA180CF1FF3004D2904502D989
:1007F400ACF102002A44A2EB08029BB2B2FBFEFC5D
:100804000EFB1C220CFB07F743EA02439F4246D926
:10081400EB180CF1FF3204D29F4202D9ACF1020270
:100824002B44DB1B42EA004202E0AEEB020301224E
:100834004FEA154EAFB2B3FBFEFC200C0EFB1C338B
:100844000CFB07F840EA034398452AD9EB180CF14E
:10085400FF3004D2984502D9ACF102002B44A3EB3B
:100864000803A4B2B3FBFEFC0EFB1C330CFB07F71E
:1008740044EA0344A74216D92C190CF1FF3304D2DD
:10088400A74202D9ACF102032C44E41B43EA004022
:100894000F46114678E71F2188E76046ABE76246BA
:1008A400BFE76046DBE76346EFE7734506D916B951
:1008B400002108466DE7C6E9000EF9E7B3FA83F7AD
:1008C40087B9734501D3824207D8841A6EEB0303B8
:1008D40001209C461EB900215BE73846FAE7C6E9C9
:1008E400004CF8E7C7F1200CBB4022FA0CF51D437D
:1008F40020FA0CF12EFA0CF30EFA07FE41EA0E016F
:100904004FEA154900FA07F4B3FBF9F81FFA85FE1C
:1009140009FB18300B0C08FB0EFA43EA00439A4516
:1009240002FA07F240D9EB1808F1FF3004D29A45D5
:1009340002D9A8F102002B44A3EB0A0389B2B3FB4A
:10094400F9F809FB183308FB0EFE41EA03418E4512
:100954002CD9691808F1FF3304D28E4502D9A8F1C5
:100964000203294443EA0040A0FB0298A1EB0E01D4
:100974004145CE46434602D306D14C4504D2B9EB99
:10098400020E68EB05030138002EA4D0B4EB0E026E
:1009940061EB030101FA0CFC22FA07F34CEA0303AE
:1009A400F940C6E9003196E74046C5E74346D9E732
:1009B40038B50E4C204608F0AEFFA8B122690321D9
:1009C400A5682046136823F0080313604FF4C0227F
:1009D4002B68984708216B6920469847002141F20B
:1009E400883009F08EFAF5E738BD00BF14A300087B
:1009F40008B5054805F095FD044808F065FF04486E
:100A040005F08FFD002008BD2EAA0008404B4C00C5
:100A14006AAA0008014B1B68184700BFD0000024D5
:100A2400014B1860704700BFD000002430B5044665
:100A340085B00D4610220021684609F028FB0223E8
:100A44002A4621468DF802306846034B019305F08F
:100A540027F905B030BD00BF190A0008054B002076
:100A64005A6822F002025A605A6822F001025A605F
:100A7400704700BF0010005C38B545680F4C204635
:100A840008F049FF98B1A3681B689BB1294620462A
:100A9400984700280ADB00F037F8094B9A6842F0BF
:100AA40001029A609A68D207FCD5002038BD6FF025
:100AB4001200FBE76FF05700F8E700BF50A20008F0
:100AC4000048025808B5416805480C3183681B6822
:100AD4001BB1984700EAE07008BD6FF05700F9E7D2
:100AE40050A200080A2810B502D90024204610BDDF
:100AF400044B53F82040204608F00DFF0028F5D1A0
:100B0400F3E700BF70A80008EFF31180102383F30C
:100B14001288BFF36F8F094B1A683AB9084A1168F3
:100B240041F4807111601168C905FCD51A6801325D
:100B34001A6080F31188BFF36F8F704798120024F6
:100B44000048025808B500F0C1FC00F091FC0C4BC1
:100B54000C4A1A600C4AD36823F0070343F00203DB
:100B6400D3600A4B1A6841F20303B3EB124F06D168
:100B7400074AD2F8083143F00103C2F8083108BD2E
:100B84001C0300240090D003004802580010005CAD
:100B940000800051014B036002207047C8A8000880
:100BA4000E4A0F4B13B5012818BF1A4604460146D6
:100BB4000C4806F064FA70B9012322460A49094830
:100BC40006F058FB38B90123EF222146054800936B
:100BD400022305F055FE02B010BD00BFD40000246E
:100BE400E8000024B004002497AB000808B51549B8
:100BF400154805F03BFF20BB1449134805F036FFA8
:100C0400F8B91349104805F031FFD0B911490E481D
:100C140005F02CFFA8B90C4805F02BFE01280CD0D8
:100C24000020FFF7BDFF60B9074805F052FE40B948
:100C34000548BDE8084005F07CBEFFF7B1FF002879
:100C4400EED008BD74010024B00400245C0100242B
:100C5400440100242C01002480B505460E461746A5
:100C6400984604F0D1FDDFF82090034600F0FAFB2B
:100C74000446424649F8003039463046A84754F8FD
:100C8400090000F08BFB00BF0800000003480021AE
:100C9400034A08B5121A05F04DFD08BD600500248D
:100CA400D01500240748084A0849121A08B505F067
:100CB40043FD0748074A0849121ABDE8084005F0F1
:100CC4003BBD00BF000000245C050024A4B0000864
:100CD4000000002400000024A4B0000838B5054634
:100CE4000C4699B11048D1E90123096805F019FCB3
:100CF400E1680E48D4E9042305F013FCE1690C48CB
:100D040005F00FFCA1690B4805F00BFC012D05D182
:100D1400EFF305810848103905F003FC2146284605
:100D2400BDE8384003F05EBCB0AB0008E0AB00089F
:100D340010AC000820AC00084FAC000830BFFFF72F
:100D4400FDBF00BF2DE9F0410B4E0546DFF82C80B6
:100D5400324606EB0807CC1B0949204609F089F9FD
:100D6400A019083C4246002109F091F907F1080056
:100D74002C67BDE8F08100BF0000000008000000FF
:100D840084A700082DE9F843324D8046324889464D
:100D9400174605F0C6FBAB6ADE0622D511242F48A0
:100DA40005F0BFFBAB6A1D0703D512242C4805F0E0
:100DB400B8FB284DAB6A980715D52A4805F0B1FB56
:100DC4006E6BAB6A190642D53146274805F0A9FB7C
:100DD400B9F1000F03D0AB6A23F08003AB62132494
:100DE40003E01024DEE76FF015061A4DAB6ADA074C
:100DF40003D514241D4805F094FBAB6A9B0603D568
:100E040015241B4805F08DFB124B9A6AD50602D4B3
:100E14009A6A90070AD55B68190507D5414630469A
:100E240000F072FA10B180F309880224094B9A6A1F
:100E3400920603D55A6A22F400525A629A6A2046EC
:100E440042F0FF029A6200233B70BDE8F8836FF022
:100E54001506C4E700ED00E063AC00087AAC0008B6
:100E6400AEAC0008C2AC0008DBAC0008F2AC000871
:100E740012AD000810B51D4C1D4805F052FBA36AC5
:100E8400990130D51B4805F04CFB1E20A36ADA01FA
:100E940003D5194805F045FB1F20144CA36A1B0316
:100EA40003D5164805F03DFB2120A36A590303D559
:100EB400134805F036FB22200C4CA36A9A0303D591
:100EC400104805F02EFB2320A36ADB0303D50E484C
:100ED40005F027FB2420054A936A6FEA03436FEA6F
:100EE4001343936210BD1D20D0E700BF00ED00E066
:100EF40042AD00085BAD00086FAD00088AAD000884
:100F0400A9AD0008CFAD0008EAAD000870B5244CC7
:100F1400064624480D4605F004FBA36AD90435D5DA
:100F2400214805F0FEFA1720A36A1A0503D51F48C5
:100F340005F0F7FA18201A4CA36A9B050FD51C4834
:100F440005F0EFFAA16BA36A180407D5194805F058
:100F5400E8FA1EB1A36A23F40043A3621920104CDB
:100F6400A36A590503D5144805F0DBFA1A20A36ACD
:100F7400DA050DD5114805F0D4FA1B20084A936A06
:100F840043F47F43936200232B7070BD1620CBE79C
:100F9400A36A9B04F2D50A4805F0C3FA1C20EDE7C6
:100FA40000ED00E016AE00082DAE0008AEAC00085F
:100FB4003FAE000859AE00086FAE00088BAE0008C3
:100FC40012AD00085F4B2DE9F0415F688AB004461A
:100FD4000025C7F3080685F31188BFF36F8F02F06D
:100FE4007F43B3F17F4F06D102F00C03082B13D1DA
:100FF400554805F096FA00252C464FF00008F31EDC
:101004008DF80780092B00F28D80DFE803F00A8158
:10101400857D8B8B8B8B8B8910074CBF0C460125F0
:10102400EBE7484E494805F07CFA8DF80780F36AEF
:101034009A0704D5464805F074FA00232AE0F36AB7
:10104400002B01DA4348F6E7F36A5B00F5D5424822
:1010540005F067FA7369A26943F480737361BFF39F
:101064004F8FBFF36F8F32F8023C726922F48072A3
:101074007261BFF34F8FBFF36F8F03F47F42B2F5FA
:101084005F4F28D1DBB2022B25D12168334805F00C
:1010940048FA23689DF80720D2B902AE04F120076C
:1010A4002068083454F8041C3246BC4203C2164675
:1010B400F6D1099A002D41D0C2F3080121B96FEA93
:1010C40052226FEA4222099202A91846FFF706FE4D
:1010D4000AB0BDE8F0811B4B9A6AD2B232B10DF16D
:1010E400070201212046FFF74DFE0FE09A6A12F431
:1010F4007F4F05D00DF107010120FFF707FF05E041
:101104009B6AB3F5803F98D3FFF7B4FE0346C1E76B
:101114000DF107020021E5E70DF107010020ECE7DE
:101124000F4888E717F4F87F0E4B0F49A6F1100219
:1011340008BF19460D4805F0F4F97EE76FF308027D
:10114400C1E700BF00ED00E0D2AE0008FEAE00082B
:1011540016AF000838AF000847AF000867AF0008B3
:1011640084AF0008A4AE0008B9AE0008A9AF000817
:10117400044B5A6942F010025A615A6922F008027B
:101184005A61704700ED00E0EFF30880EFF3098146
:1011940001B57246FFF716FF01BD00BF0B4880F38F
:1011A400088805F0C6FA102080F3118808484FF427
:1011B4000461401880F30988EFF314800221084386
:1011C40080F31488BFF36F8F00F06AF8402A00247C
:1011D400801C00241EF0040F0CBFEFF30880EFF313
:1011E4000980816911F8021C0229FFD001B57246F9
:1011F40005F0A4FA01BD00BF00B2002807DB0123FB
:10120400410900F01F00024A834042F82130704730
:1012140000E100E000B200280CDB4309012200F0E9
:101224001F0005492033824041F82320BFF34F8F2C
:10123400BFF36F8F704700BF00E100E04209054B28
:1012440000F01F0053F82220012303FA00F010409D
:10125400704700BF00E100E000B2013100284FEA0E
:101264000111C9B206DB00F1604000F5614080F86D
:101274000013704700F00F00014B1954704700BF72
:1012840014ED00E0044B054A23F07F039360BFF3A1
:101294004F8FBFF36F8F70470000000800ED00E030
:1012A40008B5FFF7EFFF0C4AD2F8883023F4700337
:1012B400C2F88830EFF3148323F0040383F3148813
:1012C400BFF36F8FFFF7E2FCFFF7ECFC00F0ACF824
:1012D40005F05AFA03F04AFA00ED00E042F8203C27
:1012E400203A009B07495360019B21F00101936060
:1012F400029B9161D3604FF08073D3610023026538
:10130400436770475D0C0008094A0346906870B152
:1013140013F1160F006E05D0A0F14002934205D3DD
:10132400834203D2814228BF0020704700207047C7
:101334009815002415460C4A0E4608B50B4B9060D0
:10134400026F1A6000F0E8F82C4686F30988002042
:10135400034B98472046002100220023014C2047DC
:10136400656700085D0C0008981500249C12002491
:10137400014B10221A61704700ED00E0054B5A69D9
:101384009B689A4204D0044A536843F080535360E4
:10139400704700BF9815002400ED00E0084B9B68DF
:1013A40083420BD1EFF3058343B1064B5A6842F0F5
:1013B40080525A605A6A22F400425A6208F0E0BC31
:1013C4009815002400ED00E014498A684FF03000BD
:1013D4001044EFF3098C80E8F01F102080F312888A
:1013E400BFF36F8F0E4F4FF000664A698A603E600C
:1013F400106F0C4C2060506F0023536780F31188EA
:1014040004B5104600F088F8BDE8044002F130004D
:1014140090E8F01F8CF309887047000098150024A9
:1014240004ED00E09C120024002304481021C2189B
:1014340001335D2B82F80013F9D1704700E100E01D
:1014440008B5EFF30583064A103B02EBC30152F8DB
:10145400330049688847BDE80840FFF78FBF00BFE5
:1014640010A4000801480068704700009C12002482
:10147400154A70B5536913F4803323D1C2F884300C
:10148400BFF34F8FD2F8803043F6E074C3F3C90042
:10149400C3F34E335B0103EA0406014646EA817551
:1014A4000139C2F86052F9D2203B13F1200FF2D176
:1014B400BFF34F8F536943F480335361BFF34F8FAE
:1014C400BFF36F8F70BD00BF00ED00E00B4B5A6996
:1014D40012F4003211D1BFF34F8FBFF36F8FC3F8F3
:1014E4005022BFF34F8FBFF36F8F5A6942F400321B
:1014F4005A61BFF34F8FBFF36F8F704700ED00E069
:10150400024B0121024A034800F076B8000004248B
:1015140000000024E8A80008036E4021044A403B70
:1015240010461360034BC2E90113012100F06EB8A9
:10153400A012002400000B15084AC2F898000B689A
:1015440023F01F03034343F01003C2F89C308B685D
:1015540043F00103C2F8A030704700BF00ED00E083
:101564002DE9F0430E4685B01F4604464FF00009AE
:10157400DFF85480B14523DA6068D8B13FB1411E29
:1015840008421BD11F2819D92368194216D1236890
:10159400019305F0FAF8A3680343D0B20393D8F893
:1015A4009050C5F30725013DA84207D801A9FFF7CC
:1015B400C3FF421C09F101090C34DBE76FF015028B
:1015C400104605B0BDE8F08300ED00E0044B0522B1
:1015D400C3F89420BFF34F8FBFF36F8F704700BFE2
:1015E40000ED00E0BFF35F8F024B0022C3F89420AC
:1015F400704700BF00ED00E010B5034C01232278D2
:10160400FFF7AEFF207010BDCC1500240B4A08B5BF
:1016140000231278FFF7A4FF10F1160F07D0084A31
:101624000021D2F89030C3F30723984200DB08BDB1
:10163400C2F898000130C2F8A010F2E7CC150024DB
:1016440000ED00E05B4B2DE9F0435B4D85B0D3F832
:1016540090302C68C3F307239C4200F2A78000203B
:101664000C26FFF7BFFF84421AD1544E6846002768
:10167400DFF840913470FFF78DFA514C8046514D9C
:10168400B84514D1337800204A49D1F89020C2F3E8
:1016940007229342C0F284800020FFF797FF45E0C1
:1016A400696806FB0011FFF747FF0130DBE700988C
:1016B4004FEA071C00EB0711CB682340B3F5000F7A
:1016C4004DD00AD8B3F5001F33D0B3F5800F3BD00B
:1016D400B3F5801F13D00137D2E7B3F1007F47D0B1
:1016E400B3F1805F4DD0B3F1807FF4D150F80C306A
:1016F400886805F04AF84A6840F0887009E050F8B4
:101704000C30886805F041F840F088504A6840F48D
:10171400302003903078CDE90123D9F89030C3F319
:101724000723013B984234D96FF0150005B0BDE89A
:10173400F08350F80C30886805F027F840F08850A2
:101744004A6840F40020E4E750F80C30886805F05B
:101754001CF840F0C0604A6840F40030D9E750F803
:101764000C30886805F011F84A6840F08270D0E7C0
:1017740050F80C30886805F008F84A6840F4802076
:10178400C7E750F80C30886804F0FFFF4A68284324
:10179400BFE701A9FFF7D0FE3378013333709AE72E
:1017A400C1F898300133C1F8A0006EE74FF0FF3064
:1017B400BCE700BF00ED00E09CA80008CC150024A5
:1017C4000000F0FF0000021108B5024B1B689847A7
:1017D400002008BDAC120024034B044A186093781F
:1017E40043F0020393707047AC1200248C01002470
:1017F4000649074821F00701C1F1105208B502F566
:10180400802204F04BFE002008BD00BF473E0024A8
:10181400B012002470B541690446867A0A4D59B164
:10182400437ADB0706D4242303FB0653DB691B68D6
:101834009B689847002363612420214600FB0650DF
:10184400BDE8704008F005BA680400242422024B65
:1018540002FB0030704700BF68040024827A242110
:10186400054B01FB02331A6A1B7D801A1B3323F0DC
:101874000303B0FBF3F070476804002438B5242454
:10188400827A064B04FB0233DB69D3E901240C6042
:101894001568FFF7E3FF04FB005038BD680400241B
:1018A4002DE9F04385B0054690461C4668460391F1
:1018B40008F086FBDDE90067EFF31189102383F359
:1018C4001288BFF36F8F6B8A002B41D02A8A9A4209
:1018D40025D900220023284603F094F90446F0B1E8
:1018E40089F31188BFF36F8F039B002B41D03246DD
:1018F4003B46684608F089FBA27A2421254B204602
:1019040001FB023303A9DB691B681D68DDE90023C1
:10191400A847606170BB2046FFF77CFF24E0698A1A
:101924004B1E6B8289F31188BFF36F8F2B7D2A8A3C
:101934001B332C6A521A23F0030302FB0344154B96
:10194400154AEB1A9B105343A3722B7DE372CBE72A
:1019540089F31188BFF36F8F23464246284603F06C
:1019640051F904460028BFD10024204605B0BDE843
:10197400F083636101230025E27A04F118002381D6
:101984002946039B6560638208F081FB63692582B5
:10199400E360EAE768040024398EE338F8B50024EC
:1019A400114D242600B9F8BD00F108024768BFF3C1
:1019B4005B8F52E8003F591E42E8001CBCF1000F47
:1019C400F7D1DBB2BFF35B8F012BECD1837AC46018
:1019D40006FB035344609B6913B198473846E1E71B
:1019E400FFF718FFFAE700BF680400242DE9F04F61
:1019F4001F4685B080468946154604F035FF0446E7
:101A040087B1404604F035FF012808D02F4B6FF012
:101A14008502FFF727FD1A5005B0BDE8F08FB4FA30
:101A240084F464096A1C21464046D2B205F0AEFA39
:101A340006460028EAD045684FB1286801AB6968BA
:101A440003C32A7A01AD1A7007238DF8053009F112
:101A54000C07384605F09CF82A782946824228BFAC
:101A64000246384604F0D5FED6F80CA0BAF1000FB1
:101A74000AD1B9F81010B8F82E309942CCD9C91A45
:101A8400384604F0E1FEC7E7DAF8040083681B6B0C
:101A940013B9DAF800A0E9E7214698470028F8D0FE
:101AA400051F55F804BFBBF1000FF2D09BF800608E
:101AB400002EEED0384605F06BF8B042594634BFDC
:101AC40082B23246384604F0A4FEEAE70C00000075
:101AD4002DE9F04190F8283004460F4600F128061D
:101AE40003F01F03012B2FD0022B18D08BB394F8D3
:101AF4002910204604F060FF024678B330461E4D9C
:101B040005F04EF8002834D113693BB33A46314608
:101B1400204698470346FFF7A5FC2B5024E0818D0F
:101B2400C9B205F06DFB05460028E0D0304605F04B
:101B340037F8024668688368CAB99B6873B13A4645
:101B44003146BDE8F0411847818DC9B205F03FFB2D
:101B5400E9E790F8291005F076FBE4E7064B6FF00F
:101B64008502FFF77FFC1A500020BDE8F081DB6896
:101B7400E4E7D368C9E700BF0C0000002DE9F04F8B
:101B84000B7E93B004460D4633F08008164640F0B1
:101B940081847AB10846FFF701FF6B7EDF0703D427
:101BA4009E0711D52B7E7BB9204613B0BDE8F04FBC
:101BB40005F022B84A7E00F12809900708D5802B49
:101BC4000CD12846FFF7EAFE404613B0BDE8F08F7B
:101BD400910700F02384002B40F02084D2072FD5F6
:101BE4002B8A082B40F0FA83EA6829460020136800
:101BF400A3625368C9F8043004F0F9FD054610B136
:101C0400FFF7CCFEEFE0484604F0CAFFE28D70B95E
:101C1400B2B12946A06906F09FFB0146002800F0F6
:101C24002984204613B0BDE8F04F05F090BC3AB1CA
:101C34001146204605F086FC0546002800F01A846B
:101C440094F828800023FFF70DFCB14F18F0600FC3
:101C5400C351C8F3411307D0032B40F0BB816FF08D
:101C64008503FFF7FFFB37E0484604F099FF94F83B
:101C74002930002840F04E81013B0A2BEFD801A205
:101C840052F823F0FF1D0008631C00088B1E000897
:101C9400631C0008B51C0008631C0008631C0008D2
:101CA400631C0008251D0008631C0008871D00082C
:101CB400618D7F29D3D8A38D002BD0D1E38D002B48
:101CC400CDD118F01F0FCAD194F83030022B05D1B2
:101CD4004FF0FF33FFF7C6FB3B5076E0A069036982
:101CE40093F880301B0707D5C9B204F0BBFF8046C8
:101CF40028B1002D6CD167E7012384F8393094F8BA
:101D04003030012B0AD1638D43B984F83030FFF7AA
:101D1400A9FB3B58002B00F0858056E00123F4E733
:101D2400204604F0A1FD628D0146FF2A97D8E38D79
:101D3400002B94D194F82830D80690D194F8303000
:101D4400002BC5D02AB1D2B2204605F045F90028AF
:101D5400BED0618D94F838308B42D8D0C9B22046B9
:101D640005F041F980460028C3D1628D0521204643
:101D7400002A14BF0223012384F8303005F06CFCE0
:101D8400C5E708F01F08B8F1010F7FF468AFE38DD1
:101D9400002B7FF464AF628DFF2A3FF660AFA18D04
:101DA400FF293FF65CAF94F83030022B90D1D2B2C9
:101DB4002046C9B205F04BFB10F1020F804640F0FB
:101DC4000E81FFF74FFB47F8008065B14FF0000824
:101DD4002846FFF7E3FDB8F1000F7FF4F5AEFFF7F7
:101DE40041FB3B58F3B1484604F0DAFE0346A069D0
:101DF400002B00F04283802148E3E38D002B7FF425
:101E04002EAF94F83030002B3FF462AF012BA18D3C
:101E140002D100297FF45CAF18F01F080CD0B8F190
:101E2400020F16D0E38D002B40F0CB82204604F045
:101E3400CDFE0028D7D1B7E600297FF449AF638DE2
:101E4400012BEFD194F86C3061F3C30384F86C3048
:101E5400E8E7B4F82AA0BAF1000FE3D15FFA81F8F9
:101E64002046414605F0DFFB0346FFF7FBFA3B50F3
:101E7400013302D14FF0FF383BE75246414620463A
:101E840004F094FE43E7E38D002B7FF4E8AE628D0B
:101E9400A38D022A5FFA83FA11D108F01F085AEAC7
:101EA40008087FF4DCAE0122190AA06904F0B7FE29
:101EB40000287FF4D4AE012384F8393027E794F85E
:101EC400301000293FF404AF012902D1002B7FF424
:101ED400FFAE18F01F0811D0B8F1020FA2D1002AEA
:101EE400A0D15146204605F08AFB0346FFF7BAFA13
:101EF4003B500133BED001225146C0E7002B7FF492
:101F0400E7AE012A8ED194F86C3043F008039DE7C4
:101F14000C0000000A2B3FF6A2AE01A252F823F0F7
:101F2400511F0008631C0008631C0008631C0008A0
:101F3400631C0008631C0008CB1F0008631C000816
:101F440043230008631C00086D230008E38D022B63
:101F54007FF485AE94F83030002B3FF4B9AE012BFA
:101F6400A18D02D100297FF4B3AE18F01F0811D05F
:101F7400B8F1020F1CD04FF0000805F10C0A5046CE
:101F840004F006FEE38D984218D26FF00B03FFF7BE
:101F940069FAA1E600297FF49BAE94F86C304FEA0D
:101FA4009308C3F3001308F0020848EA0308E4E7BF
:101FB400C9B2204605F046FB8046DEE7414650465E
:101FC40004F038FCA3E6628D18F01F0F4FEA1223C9
:101FD400D2B209D029462046FFF77AFD8046B8F1EF
:101FE400000F7FF486AE92E6013B0E2B3FF637AE30
:101FF40001A151F823F000BF392000087520000822
:1020040085200008631C0008631C0008C92100081F
:1020140081200008631C0008631C0008631C00087E
:10202400631C0008631C0008631C0008631C000890
:102034005D22000805F10C08B4F82EA0404604F017
:10204400A7FD8346204604F00FFC20B101287FF44D
:1020540006AE616F00E0216F002900F01F82DA45AF
:102064000A7828BFDA46524528BF524640462FE038
:10207400002329462046FFF7B9FC48E60123F8E788
:102084000321204604F0D8FC824600283FF4E7AD43
:1020940004F079FDB4F82EB09AF81530D8B99AF84E
:1020A40014808DF829308DF82880DAF8103005F185
:1020B4000C0A1B885046ADF82A3004F069FDC3456C
:1020C4005A460AA928BF4246824228BF02465046C1
:1020D40004F09FFB1BE6DAF808204FF000088DF8A7
:1020E4001530BF4B8DF814801340BE4A934258D12B
:1020F400102106A801F0C6F9021EFFF6B0AD0AA928
:10210400102A0DF1180CDFF8E0E2084628BF10226F
:10211400424501F1020133D89200034602325FFACC
:1021240082F88DF8148005F10C0A0293504604F0ED
:102134002FFDD845424605A928BF5A46904228BFDC
:102144001046022883468046504628BF4FF0020BB3
:10215400A8EB0B085A4604F05CFB4FEA58030193C2
:10216400029B9B4603EB5802934521D118F0010FC3
:102174003FF4CDAD019A5046995C04F053FBC6E59B
:102184001CF8013B08F101084FEA131A03F00F038E
:102194001EF80AA01EF8033001F802AC01F8013C55
:1021A400B6E79AF81480DAF810308DF81480BAE79C
:1021B4001BF8011B5046CDE9022304F03BFBDDE98B
:1021C4000223D1E7204604F04FFBD4E91C83002806
:1021D40008BF984600232046CDF82A30CDF82E308B
:1021E4000A238DF8283006238DF8293004F041FBAA
:1021F400012805D06FF08503FFF734F93B5086E5DD
:10220400B8F1000F00F04A81B8F80230ADF82A3076
:1022140098F804308DF82C3098F805308DF82D306E
:1022240098F806308DF82E3098F807308DF82F3056
:1022340098F8113005F10C0840468DF8303004F060
:10224400A7FCE28D9DF828300AA99A4228BF1A46B5
:10225400824228BF024609E7204604F005FB18B174
:102264000128C7D1636F00E0236F002B00F01681B3
:102274005B88B3F5007FBDD95C4B04F14C0B0A932A
:1022840000238DF82C30E36C9B4508BF0023BDF878
:102294002A1093B15A7D0F2A08D11A7D0A44ADF849
:1022A4002A209DF82C2001328DF82C20226D934297
:1022B40001D01B68EBE7BDF82A1005F10C0A019167
:1022C400504604F065FCB4F82E800199884528BF77
:1022D40088460AA9804528BF804650464246052ABA
:1022E40028BF0522019204F094FA019AB8EB02087F
:1022F4003FF40DADE36C5B453FF409AD002B3FF4B7
:1023040006AD5A7D0F2A14D11A7D504619694245EB
:10231400019328BF424604F07CFA019B1A7D424592
:1023240094BFA8EB0208A8EB0808B8F1000F3FF42B
:10233400EEAC226D9A423FF4EAAC1B68DEE794F8F7
:102344003030002B3FF4C4ACE38D012B7FF487AC19
:1023540005F10C08404604F01BFC00283FF415AEC0
:1023640094F83810404608E708F01F08B8F1010F48
:102374007FF4AEAC204604F01DFE00283FF4A8AC68
:10238400B4F82CA0BAF1FF0F3FF669AC43681B798F
:102394005345FFF464AC5FFA8AF30F2B3FF65FAC4E
:1023A400E38D012B7FF45BAC05F10C08404604F08F
:1023B400EFFB00283FF4E9AD04EB0A0393F83A106D
:1023C400D0E7484604F0ECFB18B92846FFF7E6FAD4
:1023D4002CE52946204605F0BAF848B128460FE412
:1023E40000FF02000003020072B00008050F0500A0
:1023F400A069036993F8801011F004017FF4D4AB51
:1024040005F0BEFF054600283FF4EDAC014620462A
:1024140005F09DF800283FF4C7ABDFE752077FF5CE
:10242400E2AC002B3FF4CDAB2846FFF7B7FA94F8A3
:102434003930002B3FF4C8AB94F82930052B05D173
:10244400618DA069C9B204F00DFC064694F82930E8
:10245400032B09D1638D022B06D1A18D0022A06923
:10246400090A04F0DCFB06460023B04684F8393040
:10247400FFF7AABB6FF00B06B5E4E38D002B3FF426
:10248400BAAC16F10C0118BF0121C90105F07DFE9B
:10249400FFF78ABB6FF00408FFF796BB6FF01508CF
:1024A40027E400BF0B78062B10B414D10369D3F8CA
:1024B4009C20EFF31184102383F31288BFF36F8FF2
:1024C40000204B681860506A58B9C2E9083384F395
:1024D4001188BFF36F8F00220023034810BC07F05C
:1024E40016BB03605362F2E7300400242DE9FF4178
:1024F40010264FF0FF334FF0FF3201A95C4802F081
:102504005DFA039B1B69D3F89C40236A93B1EFF3F4
:10251400118286F31288BFF36F8F216A29B1606A32
:102524000B688142236208BF636282F31188BFF3A0
:102534006F8FC9B99DF80430062BDAD0072BD8D891
:1025440001A252F823F000BF9F250008932500083C
:10255400BF250008A5250008E3250008D9250008A3
:10256400F72400086D2600080B7E2046D1F81E20B3
:102574005D0609D1FFF702FB02460028C5D00721FA
:10258400204605F069F8C0E704F031FEF4E70022C4
:102594000121204605F060F8ABE700221146F8E778
:1025A40094F86C3001A9204643F0040384F86C309D
:1025B40004F080FB00220321EBE794F86C3001A9BE
:1025C400204623F0040384F86C3004F073FB0022EB
:1025D4000221DEE701A9204604F06CFB89E794F8A8
:1025E4006C30A76923F0040384F86C30D7F80880B2
:1025F4003B69BFF35B8FD3F8A030BFF35B8F9A07BF
:102604002FD5D8F83C3038469847D8F824300021E4
:10261400384698470546D8F8403038469847ADB90B
:102624002946204604F0DFFC054678B9A06905F088
:10263400C6FE831E84F830505842584194F86C30DA
:1026440023F0680343EA401384F86C300022042129
:10265400204605F001F8002D3FF44BAF2A46072130
:1026640097E74FF0FF35F1E7029A062191E700BFA3
:102674003004002430B589B00022002300241E4910
:102684001E480094CDE906236FF007034FF48062DF
:10269400CDE90334CDE90144194B02F0A3FD1949F6
:1026A400164807F06AFB184B18498B4207D3184B9E
:1026B400002018498B4210D3002009B030BD03F12B
:1026C4001402BFF35B8F52E8000F42E80045002D6F
:1026D400F9D11833BFF35B8FE7E703F11402BFF3BB
:1026E4005B8F52E8004F42E80005002DF9D1183302
:1026F400BFF35B8FDEE700BF0016002460090024EF
:10270400F1240008BDAF00082C0500244405002472
:10271400440500245C05002438B5024605460949F1
:10272400806905F0B2FE044648B985F838002846A9
:1027340004F0F5FB044610B1A86905F0D9FE204663
:1027440038BD00BFA924000870B5054681B1012930
:102754000BD10E4C0E4E16E0636828461968FDF73F
:10276400BFFF18B11834B442F6D30024204670BD1C
:10277400084C094EF7E7636828461968FDF7B0FF6F
:102784000028F3D01834B442F5D3EEE7440500240E
:102794005C0500242C0500244405002470B506467D
:1027A400EFF31181102383F31288BFF36F8F1B4D56
:1027B4002A6881F31188BFF36F8F526892F86C20F6
:1027C400D20705D40A220023BDE8704002F082BC7F
:1027D400EFF3118283F31288BFF36F8F2C682CB14F
:1027E400696823688C422B6008BF6B6082F3118890
:1027F400BFF36F8F44B1606804F10801C36998475F
:102804002146074807F025F92B6833B130460022EA
:102814000023BDE8704002F029BC70BDBC12002446
:102824000004002430B585B0054600231548CDE9E1
:102834000012002203A902F02FF80246E8B9039B14
:10284400DDE900015D60083383E80300EFF31180E4
:10285400102383F31288BFF36F8F039B1A600A4A15
:10286400516861B9C2E9003380F31188BFF36F8FF7
:1028740000220023054802F0F9FB05B030BD0B60CF
:102884005360F1E700040024BC120024000000247B
:1028940038B54B780469202B4568206908D0222B71
:1028A40019D0124B6FF08502FEF7DCFD1A5010E0D0
:1028B400CB88072BF5D1D3681A6842609A880281C5
:1028C4009B79837204F0EDFE22460821284604F029
:1028D400D1FE002038BD4B880921C3F34002838117
:1028E40003F00103027622464376EFE70C00000072
:1028F40008B513464A78212A14D133B90C4B6FF02A
:102904000B02FEF7AFFD1A500AE0CA88016903F111
:102914000C00072A096928BF0722043103F079FF54
:10292400002008BD024B6FF08502FEF79BFDEAE72D
:102934000C00000073B5102504698DF80710EFF33F
:10294400118685F31288BFF36F8F01220DF1070101
:10295400E06B03F042FE86F31188BFF36F8F01280A
:1029640010D007F004FAA8B10E4B0122BFF35B8F1D
:1029740053E8001F002903D143E800200028F7D1C1
:10298400BFF35B8F0A22002304F1480002F06EFBC0
:1029940002B070BDA37E002BE6D000210A2007F010
:1029A400B0FACCE7C412002438B5056900240E49F6
:1029B400EB6B05F14800C3E90144DC606B6BC3E9D0
:1029C4000144DC6007F0C7F905F17800074907F016
:1029D40096F9074905F1240007F091F9284604F017
:1029E40060FE204638BD00BFF9290008CD2A000842
:1029F400C57900082DE9F04750F8483C00F140063D
:102A0400074600215B683046D3F8009004F097FE37
:102A1400002855D00121304604F091FE804600285C
:102A24004ED1BFF35B8F56E8003F43F0200246E8E7
:102A340000210029F7D19B06BFF35B8F40D44846A1
:102A440004F0FAFE0022054600231E4803F0C4FEEB
:102A5400044650B93046052104F005FF38460A22E1
:102A64000023BDE8F04702F001BB82460576428AA6
:102A74005AF80C1F57F80C0C03F0CFFD054601461D
:102A8400504603F0C0FE5DB1D9F8040004F0E2FE44
:102A9400B5FBF0F303FB1055B5FA85F84FEA581867
:102AA4002146484607F82D8C04F08EFD40B120469F
:102AB400FEF774FF30460521BDE8F04704F0D3BEAD
:102AC400BDE8F0876804002470B550F8782C00F154
:102AD40010040346002152682046156804F02FFEB6
:102AE400002841D00121204604F029FE00283BD1D2
:102AF40053F8442C68689388918916695B1A9BB2D1
:102B0400F61A04F0A7FEB0422ED8BFF35B8F54E848
:102B1400003F43F0100244E800210029F7D1DB060E
:102B2400BFF35B8F20D4284604F078FE00220646CB
:102B340000230E4803F050FE0446A8B106766868E8
:102B440004F088FE638A984203D2686804F082FE27
:102B540083B221462846638204F036FD20B1204624
:102B6400BDE87040FEF71ABF70BD00BF68040024C2
:102B740007B5084A92E80300CDE9000106488268D7
:102B8400126822B16946904703B05DF804FB6FF008
:102B94005700F9E784A7000850A20008044B03EB90
:102BA40040000023013320F8022B8B42FADB7047EC
:102BB400300300242DE9F041054600260F4F4FF065
:102BC4000108F4B26B78A34201D8BDE8F0812B78F8
:102BD4001C44204604F0E5FF68B1204604F0FDFFE4
:102BE40057F834303BB107EBC40204F01F045168BA
:102BF40008FA04F098470136E3E700BFC81200243E
:102C0400034680B1B0FA80F2C2F11F02D2B2074982
:102C140031F912004FF0B042D2F880100B43C2F8E1
:102C24008030FEF7E9BAFF22F1E700BF3003002449
:102C340030B5B0B1B0FA80F3C3F11F03DBB20B4877
:102C440050F833408C4204D100EBC3056D689542C3
:102C540005D044B940F8331000EBC30042600020B3
:102C640030BDFF23EBE76FF00F00F9E7C812002433
:102C740060B1B0FA80F3C3F11F03DBB2044A002150
:102C840042F8331002EBC30251607047FF23F5E7AB
:102C9400C812002400F003020F2304329200934070
:102CA400094A43EA900000F00303023352F8232058
:102CB400030C02EA104293FAA3F008B1B0FA80F0D0
:102CC40022FA00F0704700BF00040058F8B5876886
:102CD400144605460E46FB6B984721460022002306
:102CE4000548FEF7DDFD044600B1067628463B6C38
:102CF40098472046F8BD00BF8C04002438B503690A
:102D040004464568D3F8A40006F055F96468E06900
:102D140078B90B48616983685B687BB900F076F920
:102D24002869FEF78BFA10B12869FEF773FA0020C0
:102D340038BD436898470028EBD0EFE79847EDE7A4
:102D440050A200082DE9F341036906464768D3F809
:102D5400A45000F02FF9044668B976682A4896F81A
:102D64004A30D0F80880012B09D8D8F800307169AE
:102D740083B96FF00404204602B0BDE8F0817169A4
:102D8400D8F818300831002BF3D022469847002891
:102D9400EBD0EEE71C48984704460028E9D196F8A2
:102DA4004A30012B0ED97169D8F80C300831002B48
:102DB400DFD001AA144898470028DAD1134B019AAE
:102DC4009A42D6D1F069D0B940F2E44200212846B3
:102DD40007F05DF93B6828462B607B682B71402324
:102DE4002B723B6B6B727B6BEB7106F076F80028F1
:102DF400BFD1284606F014F90028BCD0B9E703680F
:102E040098470028E0DAB4E750A20008006CDC021E
:102E14002DE9F043D0F810808BB005464468D8F80B
:102E2400A46000274FF040096368BB4250D80027D4
:102E34004FF040096368BB4278D898F8803023F09B
:102E44006A0343F06A0388F88030636B2BB998F8FF
:102E5400803043F0010388F8803006F5B36106F54D
:102E6400AE60C6F8E4540823042206F59E6606F014
:102E74003FFED4E910124FF000084FF000096FF044
:102E84000703012000270095CDE90330CDE9068929
:102E9400474B3046CDE9017702F0A4F92968304662
:102EA40006F06BFFE368984709AA3946A06905F064
:102EB400DDFF002865DB099B3A461979186805F09F
:102EC400E7FF00285DDBA06A00285FD100205AE0FC
:102ED400E36B17F0800F07F07F004FEA471103EB15
:102EE40047139A7C1F760CBF42F0400242F0200246
:102EF4009A749A7C50B942F001029A74E36B5FB100
:102F0400E36BB4F848200B441A8207E022F00E0267
:102F140042F00E029A74F3E7A3F81090E36B28468C
:102F2400194404F0A3FF70BB01377DE7A36B67F07E
:102F34007F0278064FEA471103EB47131A769A7C0F
:102F440042F020029A740BD1D2B242F001029A7478
:102F5400A36B67B1A36BB4F848200B441A8208E052
:102F64009A7C22F00E0242F00E029A74F2E7A3F861
:102F74001090A36B2846194404F078FF18B9013760
:102F840058E7831C9FD00BB0BDE8F083283406F0CB
:102F9400C2FC48B14FF4B011204605F0D4FA002821
:102FA40094D06FF00400EEE76FF01500EBE700BF7C
:102FB4005D89000838B54FF0FF324FF0FF331048F9
:102FC40001F086FE0546C8B90E4A1368591C116003
:102FD4008BB90D4CE36843F08073E360E36823F03E
:102FE4000073E360E3685B0105D400214FF47A7059
:102FF40006F087FFF6E7024801F036FE284638BDA2
:1030040058040024881500240048025810B54FF0D5
:10301400FF324FF0FF330A4801F05AFE044660B90C
:10302400084A1368013B136023B9074AD36823F0A5
:103034008073D360024801F017FE204610BD00BF24
:10304400580400248815002400480258044A816862
:103054000020D2F8603123EA0103C2F860317047DE
:1030640000440258074A82B083680020D2F86011F5
:103074001943C2F86011D2F8602113400193019BF7
:1030840002B07047004402580B88C3F30B03132BA0
:1030940038D813B96FF085007047013B122BF9D86B
:1030A40001A050F823F000BF373100089930000820
:1030B4002D310008F9300008333100089930000838
:1030C40099300008373100083731000837310008DB
:1030D40099300008993000089930000899300008A8
:1030E400993000089930000899300008253100080B
:1030F40025310008134B13600968B1F5805F1AD2BB
:1031040000207047D42B0BD003F62873C3F30B03B2
:103114001C2BBFD84FF0113020FA03F3DB07B9D5CD
:10312400094B1B685B08E6E74FF4FA43E3E7074BF8
:10313400E1E7074BDFE7C1F313310131B3FBF1F3EF
:103144001360DDE740787D011C030024006CDC0281
:103154000076B010714B13B5D3F83C2142F0040251
:10316400C3F83C21D3F83C2102F004020192019AF5
:103174001A6822F480221A601A6842F480321A60B3
:103184001A689403FCD55A6F42F001025A67634BE4
:103194005A6F9007FCD51A6842F480521A601A6874
:1031A4009104FCD5002300935D4B9A6942F440429C
:1031B4009A619A6902F440420092009A9A699204D0
:1031C400FCD5564B1A691A6902F03802182A16D12E
:1031D4001A68540706D41A6842F001021A601A6881
:1031E4005007FCD54D4B1A6922F007021A611A697F
:1031F40012F0380FFBD19A6922F00F029A61474C02
:10320400236823F080732360236823F080632360A2
:10321400236823F080532360A36A23F0030343F05D
:103224000203A362A36A23F47C7343F05003A362F2
:10323400E36A23F00C0343F00803E362E36A23F038
:103244000203E362236B6FF3080343F06F0323630A
:10325400E36A23F00103E362236B23F47E4343F424
:1032640000732363E36A43F48033E362236B23F440
:10327400FE0343F480332363E36A43F40033E362DD
:10328400236B23F0FE4343F080732363E36A43F428
:103294008023E362236843F08073236023689901E9
:1032A400FCD5204801F0E4F8A3691C4A23F47063B8
:1032B400A361A36923F00F0343F00803A361E36947
:1032C40023F07003E361E36923F4E063E361A3693A
:1032D40023F07003A361236A23F07003236223693C
:1032E40023F0070343F003032361136903F0380356
:1032F400182BFAD10A4B9A6942F440429A619A69AE
:103304009204FCD5054A0020136923F40043136199
:10331400054B064A1A6002B010BD00BF00440258B3
:1033240000480258003B58081C0300240076B010E3
:10333400132808D8054BC34013F0010F0CBF6FF0DE
:103344008500002070476FF0850070473A070C0035
:1033540008B5074806F0DFFA38B10648FEF73CFA2C
:103364000448FDF75DFB002008BD6FF01200FBE789
:10337400BCA300087D3300080A2838B50446074D6D
:1033840004D1AB680D2128465B689847AB68E1B26D
:1033940002485B689847204638BD00BFBCA30008BC
:1033A4002DE9F843D0F80490904607460D46D9F825
:1033B40008001E4604F074FCB8F5001F044616D13C
:1033C400D9F808402846FFF765FC84420CD1294609
:1033D40004F066FC044604F068FC2046FFF748FC51
:1033E4000021204604F06AFC0020BDE8F883B8F50B
:1033F400800F20D0B6F1806F19D0B6F1C06F18D00D
:10340400B6F1007F1AD102263A460F492046FFF74B
:103414000FFCB0B9D9F80810284604F078FC20460F
:10342400314604F04BFC2046FFF7EAFBDCE70126BB
:10343400EAE70326E8E76FF08500D6E76FF01500AA
:10344400D3E76FF00F00D0E7458E000810B50B4CA2
:10345400204606F060FA68B122692046A168136824
:1034640043F480631360064A0B680A21984700EA14
:10347400E07010BD6FF01200FBE700BF14A300085A
:10348400010006001FB50C4B0C29D3F8082828BFEF
:103494000C2112BA0C460192D3F8042812BA0292F3
:1034A4000A46D3F8003801A91BBA039306F0E1FDDC
:1034B400204604B010BD00BF00F0FF084FF0E02329
:1034C4000D4A9969126818699B69002908BF114659
:1034D400002B08BF134610F4803F084801D19942DD
:1034E40005D20168114401604FF0E02109690068C8
:1034F4001044C01A704700BF941500248C15002492
:10350400094B1022002083F8232046F66052074B13
:103514001A6046F65F52064B18604FF0E0235A617A
:10352400072298611A61704700ED00E094150024A9
:103534008C150024684620F007018D46F1B505F08E
:10354400C3FC0446FFF7BAFF1248134A0027036876
:103554000760D2E900515B19104D41F10001C2E945
:103564000031D5E9006146F660529B1BB3FBF2F0D3
:1035740002FB00F39B1941F10001C5E90031084B3E
:1035840021461F6002F0C8FAFDF7F8FEBDE8F140DD
:10359400854670478C150024A00F0024980F002442
:1035A400901500242DE9F0418046344E69B1B0F104
:1035B400FF3F0AD14FF0E022136923F001031361A6
:1035C4004FF07F433360BDE8F081FFF777FF4FF0A2
:1035D400E0232B499C692B4A3568D1E90037C3188D
:1035E4004FF0000047F10007B8F1FF3F1060C1E958
:1035F400003725D02448D0E90020B3EB020C67EB58
:103604000007002F37DB214B46F6605E4FEAE87077
:103614001B6813EB080340F10000A3FB0E320EFB02
:103624000022B3EB0C0340F2D76062EB0702834243
:1036340072F100001FDBB3F1807F72F1000201DB45
:103644006FF07F4333604FF0E022013B9669536192
:103654000023B44293614FF000720D4B5A6036BFA1
:103664006319A31B9B1BD1E900021B1842F1000242
:10367400C1E90032A7E740F2D663E3E794150024DA
:10368400A00F00248C150024980F0024901500240A
:1036940000ED00E0074B10B51C68074B1B68E41AEB
:1036A400FFF70CFF46F660532044B0FBF3F0034BE6
:1036B400186010BDA00F0024980F0024901500245A
:1036C40038B505F001FC054B04461D68FFF7F6FE0E
:1036D40084F31188BFF36F8F284438BDA00F0024F2
:1036E4002DE9F0414D4C236903F03803102B00F011
:1036F4009080182B0DD0002B40F08D802368484813
:1037040013F0200F03D02368C3F3C103D840BDE8EE
:10371400F081A76AA36AD4F82C8013F47C7FC3F3E6
:103724000510666BF3D0FCF7F9FDC6F3CC0605462D
:1037340008F0010007F003077043FCF7EFFD4FF0BA
:103744006451FCF743FE012F064652D0022F40D0AD
:10375400002F4ED123689B0629D523683048C3F334
:10376400C103276BD840FCF7D9FD2946FCF7E2FEDC
:103774000446C7F30800FCF7D1FD3146FCF71EFDF3
:103784004FF07E51FCF71AFD01462046FCF71EFE61
:10379400224B0446186BC0F346200130FCF7BEFDF3
:1037A40001462046FCF7C6FEFCF760FFAFE7206B3E
:1037B400C0F30800FCF7B2FD3146FCF7FFFC4FF004
:1037C4007E51FCF7FBFC294604461648FCF7B2FE82
:1037D400DAE7206BC0F30800FCF7A0FD3146FCF7E4
:1037E400EDFC4FF07E51FCF7E9FC294604460E48F7
:1037F400ECE7206BC0F30800FCF790FD3146FCF7C2
:10380400DDFC4FF07E51FCF7D9FC294604460748FD
:10381400DCE707487BE7074879E700BF0044025824
:103824000090D0030024744C20BCBE4B0024744A86
:1038340040787D0100093D0008B5FFF751FF0B4AB0
:103844000B4993699269C3F3032302F00F02CB5C23
:1038540003F01F0320FA03F3885C064A00F01F00FC
:1038640023FA00F01060044A136008BD00440258B3
:1038740091B00008180300241C0300242DE9F04F24
:10388400066889B00446304605F0F8FF0390002826
:1038940040F06D81206805F0C3FF002800F06781C7
:1038A400D6F8083806F500652068C3F30D23C4F87C
:1038B400D43405F0B5FF870704D52268536903F0B3
:1038C40002035361206805F0ABFFC0062DD52268C2
:1038D400936923F010039361D6F8208008F4F01361
:1038E40008F00F07B3F5802F40F0448147F6F073DA
:1038F40018EA030F14D02423C8F30A19304603FB33
:1039040007474A46D7F8601205F0C7FED7F8603279
:103914004B44C7F86032D7F868324B44C7F8683272
:103924002268936943F010039361206805F078FFDF
:10393400010300F13281206805F072FF42030CD5C7
:10394400274606F5106B4FF0000A206805F074FF57
:103954000490049B002B40F0EA81206805F060FF8E
:10396400002813DA6B6823F001036B6094F8CC34FD
:10397400012B40F084820021204684F8CC1405F009
:10398400F0FC2268536903F000435361206805F09A
:1039940047FF01050AD5AB68DA0702D5204605F0D2
:1039A400CBF82268536903F400635361206805F07F
:1039B40037FF030115D52268536903F0006353618F
:1039C40094F8CC34002B40F05E8201212368204619
:1039D40084F8CC145B6DC3F38303C4F8D03405F0CE
:1039E400C0FC206805F01CFFC70433D56B681021A8
:1039F40023F001036B60206805F05FFD06F510639A
:103A04004FF67F3122790398824200F24082EB69BB
:103A140043F00113EB61E37B002B00F05782D5F8F0
:103A2400843043F00B03C5F884306B6C43F00B0314
:103A34006B64D6F8003804F29C4223F4FE63C6F8A3
:103A44000038A179206800F0EDFC2268536903F482
:103A540080535361206805F0E3FE800416D5206886
:103A640005F010FF206805F073FD2768E071FFF78B
:103A7400E3FEE2790146384600F066FA204605F096
:103A840023F82268536903F400535361206805F056
:103A9400C7FE010707D5204605F06CF82268536974
:103AA40003F008035361206805F0BAFE020600F132
:103AB4001882206805F0B4FEC3020CD5A04606F5B2
:103AC400126901272379BB4200F2248222685369D8
:103AD40003F480135361206805F0A2FE870229D500
:103AE400234606F532610122207990421DD993F8CC
:103AF4007C720868012F40F02382002880F2208223
:103B0400D4F8D4C48CEA1040C00700F1198283F8B9
:103B14007B72B06940F08000B0617069000600F10A
:103B24000F826B6843F400736B602268536903F47B
:103B340000135361206805F073FE410007D5204649
:103B440004F0EEFF2268536903F080435361206858
:103B540005F066FE42070AD523685D686B0702D547
:103B6400204604F0E3FF226853682B43536009B0F6
:103B7400BDE8F08FB3F5402F7FF4D2AE082204F2F3
:103B84009C413046C8F30A1805F087FD242303FB43
:103B94000747D7F868324344C0E606F53068A246C2
:103BA4000027206805F040FE0490049B002B3FF49E
:103BB400C2AE049BDB0779D55FFA87FB20685946C0
:103BC40005F042FE10F0010F81461FD00123C8F812
:103BD4000830206894F806C000F53063016CBCF12D
:103BE400010F03EB47139A6840F08B8012F0080F23
:103BF40007D0B448814209D9120407D54FF40042D2
:103C040003E012F0200F5AD020229A6019F0080F16
:103C140021D00823AB49C8F8083023681A6C03F58F
:103C240030638A4203EB4713986804D9010402D530
:103C34004FF4004098602046059204F0C4FF059AB2
:103C4400A0498A4207D9A179012904D104F29C42EE
:103C5400206800F0E7FB19F0100F02D01023C8F819
:103C6400083019F0020F14D073691B0603D56B6872
:103C740043F480636B609AF85732012B06D100231A
:103C8400594620468AF8573205F0EEF90223C8F85F
:103C9400083019F0200F02D02023C8F8083019F496
:103CA400005F03D04FF40053C8F80830049B013779
:103CB40008F120080AF1240A5B08049375E7DFF889
:103CC40004C2614501D9120498D41A69DAF874322D
:103CD400C2F312029B1ACAF868326FB9D4F864228C
:103CE4002AB904F29C42012100F09CFB04E0D4F8C0
:103CF40060221A44C4F860225946204604F03BFF6F
:103D040084E7DFF8C4C1614507D111043FF576AFFC
:103D14009006F1D520229A60EEE7002FECD1D4F87A
:103D24006432002BE8D104F29C423946DCE7049B60
:103D3400D80740F19B805FFA8AF3206819460793FD
:103D440005F08BFD10F0010F804620D001210AF010
:103D54000F026B6B01FA02F223EA02036B63CBF8E6
:103D64000810A17901290DD1D7E9072313443B6237
:103D7400BAF1000F06D1636A23B904F29C422068A9
:103D840000F050FB5FFA8AF1204604F009FF18F0B6
:103D9400080F02D00823CBF8083018F0100F02D017
:103DA4001023CBF8083018F0400F02D04023CBF892
:103DB400083018F0020F10D05146304605F07DFB54
:103DC400FB7D012B06D100235FFA8AF12046FB75A7
:103DD40005F04BF90223CBF8083018F0800F45D0DA
:103DE400D7E909329A4241D8A3EB0208FB6921685A
:103DF4009845059128BF984601F5106308F103081A
:103E040003EB4A134FEA98080693069B996989B213
:103E14004145D7E9093227D393420BD8059B0AF0D1
:103E24000F000121D3F83428814022EA0102C3F8AB
:103E340034281BE0A3EB0209FB69079A994505980E
:103E440028BF9946A37900931FFA89F3396A09F1C7
:103E5400030805F00FFC3B6A4FEA98084B443B62A9
:103E6400BB6A4B44BB62D0E79342D7D9049B0AF1A7
:103E7400010A24370BF1200B5B08049369E5204603
:103E840004F069FE7DE5204604F056FEA9E599603C
:103E9400203353F8202C22F4001243F8202CC3F8CA
:103EA400E811D3F8E02122F40012C3F8E021D3F89A
:103EB400E02142F00062C3F8E021039A0132039248
:103EC400A0E500BF0A30544F0A31544F6B6943F4E4
:103ED400005343F02B036B612B6943F00B032B61FD
:103EE400A7E5B369012704F257284FF0240923F00A
:103EF4008003B3612379BB427FF6DBAD09FB07F393
:103F040018F80330012B03D1F9B2204605F0C6F9A5
:103F14000137EFE798F83C30D9F80020012B09D19C
:103F2400002A07DA67F07F01204688F83B30C9B2DF
:103F340005F0B4F9013708F1240809F12009C1E5B5
:103F4400013224332031CFE5022A4AD1274B284AB3
:103F54000B44934239D9274B274A0B44934236D911
:103F6400A1F57403254AA3F51053934231D9A1F165
:103F74008373234AA3F5E74393422CD3214B224A6C
:103F84000B44934229D9214B214A0B44934226D313
:103F9400204B214A0B44934223D3A1F1B7731F4A08
:103FA400A3F5585393421ED31D4B1E4A0B44934210
:103FB4002CBF06230723C26822F47052C260C26871
:103FC40042EA8323C360002070470F23F3E70E23E4
:103FD400F1E70D23EFE70C23EDE70B23EBE70A23CF
:103FE400E9E70923E7E70823E5E700BF405327FF94
:103FF400FF340C00401E1BFF3F420F007F4F120096
:1040040020D6130060B6E5FE5FE3160000D3CEFEB3
:1040140040771B00C05BB3FEC091210020753800BF
:10402400E05459FEE09C410084B02DE9F843044675
:1040340009A880E80E0000239DF824609DF82E5006
:10404400194603F14002013304EB82020F2B516045
:10405400F7D104F50067002D6CD17B6843F00203AF
:104064007B60A36B23F40013A363236843F0400332
:104074002360236843F0800323600023C4F8003ED8
:104084009DF82930012B5CD19DF82710002956D1C9
:1040940020464FF67F3805F054FA1021204605F0EB
:1040A4000CFA0146204605F02BFA0843002304F5D8
:1040B4001062C0B24FF0904C19464FF0006E0038B9
:1040C4003B617B6118BF0120FB619E423BD800220B
:1040D40004F530634FF0904C4FF0006E11464FF6EC
:1040E4007F38964242D83B6923F480733B610023B6
:1040F400A3616FF0804363619DF826301BB9A36907
:1041040043F01003A361A269224B1343A3619DF8FA
:104114002A301BB1A36943F00803A361012D05D123
:10412400A36943F0804343F00403A361BDE8F8436B
:1041340004B07047A36B43F40013A3639DE71946CF
:10414400A6E70321A4E7D2F80090B9F1000F0BDA37
:104154003BB9C2F800E011610133C2F80880203293
:10416400B3E7C2F800C0F6E71160F4E7D3F80090B3
:10417400B9F1000F0BDA3AB9C3F800E01961013262
:10418400C3F808802033ACE7C3F800C0F6E7196031
:10419400F4E700BF00383C8030B54A780B78012A38
:1041A40000EB431300F5006029D1D3F80029002A5D
:1041B4000BDAD3F8002942F00062C3F80029D3F8DF
:1041C400002942F08042C3F800290A780124C56B13
:1041D40002F00F0204FA02F225EA0202C26309782D
:1041E400C26901F00F018C4022EA0402C261184A3C
:1041F400D3F800190A40C3F80029002030BDD3F8D1
:10420400002B002A0BDAD3F8002B42F00062C3F82B
:10421400002BD3F8002B42F08042C3F8002B0A781D
:104224000124C56B02F00F0204FA02F225EA0242ED
:10423400C2630978C26901F00F018C4022EA04428A
:10424400C261044AD3F8001B0A40C3F8002BD4E728
:10425400007833EC0078F3EFF7B54B7891F800C0B1
:10426400012B6D4D00EB4C146C4E40F089800F69AE
:1042740004F510633FBB1F693D401D611D6945F492
:1042840000251D611D693540012A1D614DD1CA6992
:1042940002B15A610B79012B0CD1D0F8083813F410
:1042A400807FD4F800390CBF43F0005343F08053AF
:1042B400C4F80039D4F8003943F00443C4F8003991
:1042C400002003B0F0BD1F693E401E611E693540E9
:1042D4001D610D698E68BCF1000F0CD1B54288BF19
:1042E4000E611D6945F400251D610D691E69C5F344
:1042F40012053543C8E73544494FD3F810C0013D92
:10430400B5FBF6F5AEB207EAC54545EA0C051D61F5
:104314000D79012DE9D11D6925F0C0451D61750791
:104324001F6905F0C0453D43DEE7D4F8003943F08A
:104334000443C4F800390B79012B0DD00B69002B11
:10434400BED00A780123D0F8344802F00F0293401B
:104354002343C0F83438B3E7D0F8083813F4807F27
:10436400D4F800390CBF43F0005343F08053C4F831
:10437400003900920B8A0A78C96805F07BF99FE737
:10438400D4F8107B04F530633E401E611E6935404D
:104394001D610E698D68BCF1000F27D106B10D6156
:1043A4000D621E69C5F3120535431D611D6945F48F
:1043B4000025012A1D6102D1CA6802B15A610B7934
:1043C400012B0CD1D0F8083813F4807FD4F8003BCB
:1043D4000CBF43F0005343F08053C4F8003BD4F8BF
:1043E400003B43F00443C4F8003B69E7002ED8D0F7
:1043F4002E44013EB6FBF5F6B6B275430D62084D88
:104404001F6905EAC6453D431D610D6A1E69C5F372
:1044140012053543CDE700BFFFFF07E00000F8FFBA
:104424000000F81F30B5114C00F53063056CA5424F
:1044340003D9D0F8004B002C16DB002401291C61A1
:104444001C6944F400241C611C6944F018041C61B8
:104454001C6944F0C0441C6106D15A61D0F8003B89
:1044640043F08023C0F8003B002030BD0A30544F95
:1044740000287FD0414B9A6902F44042B2F5404F84
:104484001BD13F4B3F4A0344934258D33E4A3F4BD0
:1044940002449A4266D33E4A02449A4264D33D4A55
:1044A40002449A4262D33C4A02449A4260D33B4A51
:1044B40002449A421ED2012342E09A6902F4404225
:1044C400B2F5004F1AD1364B364A0344934249D3CE
:1044D400354A364B02449A4246D9354A02449A42F6
:1044E40044D9344A02449A4242D9334A02449A4251
:1044F400E1D9013398423DD8002321E09B6903F4BC
:104504004043B3F5804F0FD12C4B2D4A03449342C3
:104514002AD32C4A2C4B02449A4227D92B4A0244D0
:104524009A4225D92A4AE1E72A4A2B4B02449A4265
:104534001CD31A4A02449A421AD3284AB8E70623DB
:1045440027490A6822F00F021A430A600A6802F037
:104554000F02934210D0086800F00F00C01A18BF71
:10456400012070470523EBE70423E9E70323E7E78A
:104574000223E5E7012070470020704700480258F5
:10458400FFAD43F00024F400FF10E3F200639F0248
:10459400FF7382F5FFD621F8FF39C1FAFF9C60FD55
:1045A4007FA77BF3C0E1E400FF85FCF57FDE80029A
:1045B4007F647DF8FF42FEFA7F217FFDFFCDE4F7A3
:1045C40000366E017F9AEBF97FCC0602FF66F2FBA0
:1045D4007F33F9FD7FEB10FC80B14F017F4EB0FEBD
:1045E4000020005238B5EFF31185102383F31288AD
:1045F400BFF36F8F064B9C6805F0A0F985F3118813
:10460400BFF36F8F2046BDE83840FCF7C7BE00BF3C
:104614009815002438B50A4B53F82040013053F85C
:104624002050A54200D838BD606830B1037EDB0756
:1046340001D405F058F90834F3E723689847FAE7FA
:1046440008AA0008284B0122032070B5274C86B025
:10465400274D1A70FFF7DEFF0420FFF7DBFF264625
:104664003034AE420FD3214C01F0AAF8AC4226D329
:1046740001F0BAF8FCF79CF91E4A938923F0010370
:10468400938106B070BD54F80C3C059354F8103C6B
:10469400049354F8143C039354F8183C029354F8CC
:1046A4001C3C019354F8203C009354E90A2354E938
:1046B4000C0100F015FD54F8303C5E65CFE7D4E9F9
:1046C4000A23B3F1FF3F08BFB2F1FF3F05D052EA1E
:1046D4000301206803D100F061FD3034C6E70649C8
:1046E400183001F039F9F8E7CD150024F8A60008D0
:1046F400F8A6000828100024859E000870B5002341
:1047040086B00122144E01930446144D06EBC016E4
:104714001349CDE904230F22CDE9023214234FF4C7
:10472400A07203FB00554FF4C0700E4B00FB041144
:104734003046009500F0D4FC337C0B4A23F004038C
:10474400EE602C7433744FF4046304FB033313449A
:104754006B6006B070BD00BFA80F0024981500243C
:10476400C0240024C59A0008801C00247FB50020C2
:10477400FFF750FF264B83F30888264D0024F023CF
:1047840085F82230EC772C766C76AC7685F8204070
:104794006B6A43F4E0236B62FCF7EAFCFCF7E8FD88
:1047A4004FF0FF33AB62EB62FCF74CFF1A4DFCF7A2
:1047B400A7FE1A4800F0E6FCFCF7C4F90120FFF755
:1047C40029FF0220FFF726FF00F0F2FF144B4FF4FD
:1047D400806214495D612846134B009405930123BC
:1047E400CDE90144CDE90343104B00F079FC2B7C67
:1047F4000646284623F004032B7405F01AFB2046D2
:10480400FFF77CFF094A31462846FCF793FD00BFB9
:10481400C024002400ED00E028100024A810002487
:1048240098150024402600240DB0000849460008CD
:1048340038B5064C064DAC4201D3002038BDD4E94E
:1048440001122046143405F0BEF8F4E71C040024D9
:104854003004002430B585B0044BDDE908450293EB
:10486400CDE9004505F06DF805B030BDBD63000825
:1048740038B5074C074DAC4201D3002038BD204663
:1048840005F0C5F808B91C34F5E76FF01500F5E735
:10489400000400241C04002473B50C46EFF31181BA
:1048A400102585F31288BFF36F8FC5685DB125604D
:1048B4002B68C360836901338361002081F311880D
:1048C400BFF36F8F11E052EA030603D16FF00B00C0
:1048D4002560F3E7CDE900230246083000F074FEBA
:1048E40018B9034B9B685B69236002B070BD00BFBD
:1048F40098150024F7B50D4604469DF82010EFF3F3
:104904001187102080F31288BFF36F8F266AE06846
:1049140086423FD22668B44219D0C6B1304605F06B
:10492400DAF806F1180001F0AFF82946002554F82A
:10493400082F706905F09DFB3046B56705F079FADC
:104944002046394605F0B4FA284603B0F0BDA26803
:10495400A9B12946E06905F08CFBE369A268134418
:1049640062699342E36101D12369E361236A002010
:104974000133236287F31188BFF36F8FE5E7A069E2
:1049840029462369984208BF6069801AA06105F02E
:1049940070FBEBE752EA03010BD0074904F108006E
:1049A40089684D613946CDE90023224600F00CFEAA
:1049B400CBE76FF02200DDE798150024F7B5044635
:1049C4000846EFF31186102181F31288BFF36F8F2D
:1049D400216A00293AD0A268A16905F04AFBA369BB
:1049E400A2682568134462699342A36104BF2369E2
:1049F400A361AC42236A03F1FF33236235D0284616
:104A0400002D33D005F067F805F1180001F03CF8EB
:104A14006969A2680027E06905F02BFBE369A268D5
:104A24002846134462699342E36104BF2369E36146
:104A3400236A01332362AF6705F0FBF904F1080030
:104A4400314605F035FA384603B0F0BD52EA0301A9
:104A540011D00A4989684861314604F10800CDE95A
:104A64000023224600F0B0FDEEE7002086F3118813
:104A7400BFF36F8FE8E76FF02200F7E79815002483
:104A84002DE9F341044617461E46EFF3118810231F
:104A940083F31288BFF36F8F304BC2689B6872B187
:104AA4008068984217D057EA060216D188F3118815
:104AB400BFF36F8F6FF00F0002B0BDE8F08193F980
:104AC4000E1001322161C4E9023288F31188BFF368
:104AD4006F8F0020F0E72169F3E793F90E1090F946
:104AE4000E30994230DA9942A8BF194605F016F8FB
:104AF4000546224641461A48CDE9007600F064FD99
:104B04000028E6D0EFF31186102383F31288BFF355
:104B14006F8FA068D0B1236821699C420AD04BB141
:104B240093F90E309942A8BF19466FF07F0399425A
:104B3400B8BF194604F0F2FF40B13146084805F009
:104B4400B7F96FF00A00B7E70025D2E7002DF4D1DA
:104B540086F31188BFF36F8FF3E700BF9815002425
:104B6400CE150024F8B583680546002B3FD0234AB0
:104B7400926893423ED1C368012B03D9013BC360C1
:104B84000020F8BDEFF31187102383F31288BFF3DD
:104B94006F8F0169806804F0C1FF2C68A54207D1BA
:104BA4000023C5E9023387F31188BFF36F8FE7E76A
:104BB400002CF5D0002604F11800D4E9003213606B
:104BC4005A60237CA66023F00203C4E900662374C0
:104BD40000F05AFFAC6094F90E3020462B61A667B2
:104BE40005F027F93946064805F062F9C8E76FF081
:104BF4001500C6E74FF0FF30C3E700BF9815002447
:104C0400CE15002437B51146EFF31185102282F337
:104C14001288BFF36F8F04689CB123680121426836
:104C240023F003039442036008BF4360204604F06A
:104C3400F1FF044685F31188BFF36F8F204603B05C
:104C440030BD51EA0302F5D000F10802CDE90013AA
:104C54001046294600F0B8FC0028EFD1014B9B68B0
:104C64005C69EBE79815002470B5EFF31186102307
:104C740083F31288BFF36F8F0468A0421AD0CCB1BB
:104C8400002504F11800D4E9003213605A60237C33
:104C9400A56023F00203C4E90055237400F0F4FE78
:104CA4002046A56705F0C5F831460848BDE87040C0
:104CB40005F0FEB8D0E902329A4218BF013383608E
:104CC40086F31188BFF36F8F70BD00BFCE1500242B
:104CD40013B5EFF31181102484F31288BFF36F8F9F
:104CE400846844B1013C846081F31188BFF36F8F01
:104CF400002002B010BD52EA030406D181F31188EA
:104D0400BFF36F8F6FF00F00F3E7CDE90023024686
:104D1400014800F059FCECE7CE15002470B50546B7
:104D2400EFF31186102383F31288BFF36F8F0023F0
:104D34002C68A54218D0BCB104F11800D4E90032A3
:104D440013605A600023227CA36022F00202C4E9AB
:104D54000033227400F098FE6FF00A032046A36724
:104D640005F067F80123E3E70022AA6023B986F37C
:104D74001188BFF36F8F70BD31460248BDE87040A3
:104D840005F096B8CE1500242DE9FF4104461027FE
:104D9400534EEFF3118887F31288BFF36F8FD4F863
:104DA4008450F5B9022104F19C0004F060FF00284E
:104DB40070D004F1940500220121284605F0BAF8C8
:104DC4000028F8D100234FF0FF32414645480293B2
:104DD4004FF0FF33CDE9002304F18C0200F01AFDFB
:104DE400D7E7D4F888202B689542C4F8843008BFEC
:104DF400C4F88830D4F89C3043F00203C4F89C30E3
:104E0400EB6823F0040343F00103EB606B6888F361
:104E14001188BFF36F8F28469847EFF3118887F303
:104E24001288BFF36F8FEB68D80623F001023ED4DB
:104E3400EA60EB689A0717D523F002033068EB6049
:104E440090B10368002178B1426895423DD103686E
:104E5400002934D172683360904200D1736000231A
:104E640040F8083BFFF700FFD4F89C3023F002031E
:104E7400C4F89C30DB0530D4D4F88430003B18BF30
:104E8400012388F31188BFF36F8F002B81D004F0C6
:104E940096FF7EE7D4F89C30D90693D5C4F89C00DD
:104EA40088F31188BFF36F8F04B0BDE8F08123F05D
:104EB4001103EB6005F11000FFF7D6FEB9E70B60B4
:104EC4007368984208BF7160C9E701461BB11A684C
:104ED40018461346B7E71A46FAE70023D1E700BF9E
:104EE400B8150024CE150024F8B5C36804460E4650
:104EF4009A07C3F3400541D45F0741D40B680BB94B
:104F040083680B60E368D80745BFA36802250125C1
:104F14003360376857B31C4B9A68D7F880309A428D
:104F24001ED104F024FF80F00100C0B2D7F89C30F9
:104F3400D907C3F380021CD5F2B1F8B10023236072
:104F4400D7F8883073B9C7E92144384604F0A9FE7C
:104F5400E36843F00403E3603368A3602846F8BDC4
:104F64000020E3E71C60C7F88840EEE76FF0150502
:104F740006E06FF0120503E01B07DFD56FF00F05A5
:104F840000233360EAE700BF981500240146014876
:104F940004F0D1BE48110024F0B50446002089B0C5
:104FA400C4E9210004F18C000E9DC4E9230004F13E
:104FB4009400C4E9250055B32879002840F2011073
:104FC40008BF0120C4F89C0000204FF0FF364FF0CA
:104FD400FF370094CDE90330CDE901000D4B2046A5
:104FE400CDE9066700F0FEF855B1296811B12046F5
:104FF40004F0C3FE6B791BB1A38943F00103A381C1
:10500400204600F0CBF8C4F8804009B0F0BD012080
:10501400D8E700BF8D4D000837B501900846EFF37F
:105024001184102181F31288BFF36F8FC16811F0CE
:105034001E0F17D153EA020508D101A9FFF754FF47
:1050440084F31188BFF36F8F03B030BD41F00801C2
:10505400103040F8041C01998161034900F07CFC84
:105064000120EDE70020EBE7B59C0008014601486C
:10507400FFF7D2BF48110024F7B50C4616461D466B
:105084000190EFF31187102383F31288BFF36F8F1E
:10509400084604F0F7FD55EA060309D101A92046A4
:1050A400FFF722FF87F31188BFF36F8F03B0F0BDC2
:1050B400E3683246064904F1100043F00803E36054
:1050C400019BA3622B4600F047FC0120EAE700BFE6
:1050D400B59C000801460148FFF7CEBF48110024E3
:1050E40007322DE9F04322F0070285B01F4600F194
:1050F40058037F3200250E460F9922F03F020446E2
:105104008173002185603F2AC57306F14009A2F12D
:105114004008C0E91633109B83814FF00403C0E9B3
:10512400065503744FF00000C4E90A0105D885F35D
:105134001188BFF36F8F184602DFB5182046294641
:10514400FBF700FE07300E9B314620F00700C4E950
:105154001898A0662D1A029320460D9B2A460193A7
:105164000C9B00933B46FCF7B9F800236365044BA2
:105174009B6803B1DB6E2846E36605B0BDE8F083A7
:10518400981500240123037483810023C0E9183394
:10519400C366014B986070479815002438B50446DF
:1051A400EFF31185102383F31288BFF36F8F037C11
:1051B4005B070FD5183000F067FC237C204623F0F2
:1051C4000403237404F044FE29460548BDE838402E
:1051D40004F06EBE85F31188BFF36F8F38BD00BF36
:1051E400CE150024F0B5002587B004460595109D22
:1051F40004950F9D03950E9D02950D9D01950C9DA3
:10520400DDE912760095FFF76BFFB6F1FF3F08BFAB
:10521400B7F1FF3F05D056EA070305D12046FFF753
:10522400BDFF204607B0F0BD3A46334604F11800EE
:10523400014900F091FBF4E7859E0008094A6FF0EC
:105244000A0193689967084958674B6843F080538B
:105254004B60002383F31188BFF36F8F9368986FBB
:10526400704700BF9815002400ED00E038B590F9B0
:1052740010200146037C002A04DA03F07F03037440
:1052840004F09FFD0D4D2A46AB6852F8184F944226
:1052940000D004B9EC688B4207D01A7CD20604D142
:1052A400DA897F2A01D9A2692AB1A34202D0204611
:1052B40000F0F2FA23466B6138BD00BF9815002454
:1052C40070B590F91020037C002A2FDBD9062DD16C
:1052D4001A4C63F07F0322460374E16952F8183FC5
:1052E400934207D1C0E900210860E0610FE09942D0
:1052F400F8D01B68002BF5D093F90E6090F90E508E
:10530400AE42F4DD5968C0E9003108605860A5690F
:10531400954200D005B9E568A3681A7CD20606D187
:10532400DA897F2A03D9AA690AB9636170BDAB42DD
:1053340002D0284600F0B0FA6561F7E7981500241A
:10534400034648B9EFF3058232B9064A51699268B7
:10535400914201D0FFF772BF83F31188BFF36F8FBF
:10536400704700BF9815002438B5184CA168E0694F
:105374000B68814214BF1A46002249680B605960C9
:10538400A368E1692AB9124AC3E900210B60E36109
:105394000AE092F90E5093F90E00854212DD51682D
:1053A400C3E900210B605360A569094B9D4200D0FD
:1053B40005B9E568A3689D4202D0284600F06CFA5E
:1053C400656138BD8A42DED01268DBE79815002497
:1053D400B0150024002A2DE9F0470CBF4FF0100946
:1053E4004FF00809027C04460E460F4619EA020FE4
:1053F40028D149EA0203D20946D10374B9F1080F4E
:1054040048D04FF00008DFF8F0A0534653F8185F77
:105414009D4200D00DB9DAF80C50DAF80830AB42EE
:1054240002D0284600F038FAB9F1100FCAF8145027
:1054340008D0204601F091F9B8F1000F02D02F48AE
:10544400FFF7A0FE2C4B9B68A3424FD1EFF30583DB
:10545400002B4BD1A289D20711D586F31188BFF353
:105464006F8F83F31188BFF36F8F0423184602DF15
:10547400EFF31187102383F31288BFF36F8F38463D
:10548400BDE8F047FFF7DABE03F07F03037404F0CE
:1054940098FCB3E7A36813B1204604F09AFC04F126
:1054A400180004F1580800F0EFFAA56DA84511D0D2
:1054B4004FF0000A75B1284604F08BFC05F1180082
:1054C40000F0E2FA2846C5F878A0FFF7F9FEA56DCA
:1054D400A845EFD1084B9B689C4292D1EFF3058815
:1054E400B8F1000818BF4FF001088CE786F3118863
:1054F400BFF36F8FBDE8F08798150024A81000242F
:1055040070B50F4D06462B4653F8184F9C4200D0F9
:1055140004B9EC68AB681A7CD20604D1DA897F2A14
:1055240001D9A2692AB1A34202D0204600F0B4F9FD
:10553400234630466B61BDE87040FFF701BF00BFF2
:105544009815002470B5EFF31186102383F31288A5
:10555400BFF36F8F1A4CA168E0690B68814214BFD6
:105564001A46002249680B605960A368E1692AB9A8
:10557400144AC3E900210B60E3610AE092F90E507A
:1055840093F90E00854216DD5168C3E900210B60D2
:105594005360A5690B4B9D4200D005B9E568A3682B
:1055A4009D4202D0284600F077F930466561BDE897
:1055B4007040FFF743BE8A42DAD01268D7E700BFD3
:1055C40098150024B0150024F8B5124B0C4611466A
:1055D400114A9868DDE906761060EFF31182102213
:1055E40082F31288BFF36F8F9D68284604F0FBFB9B
:1055F400B6F1FF3F08BFB7F1FF3F06D03A46334646
:10560400064905F1180000F0A7F92046BDE8F84066
:10561400FFF714BE98150024C0150024859E0008C9
:10562400F8B50446EFF31187102383F31288BFF310
:105634006F8F037C49B203F01F02002A0CBF0126BE
:10564400002635D103F07F032A4D037404F0B9FB1F
:10565400037C2A46817363F07F03037452F8183F76
:10566400E869934207D1C4E900200460EC610DE0CD
:105674009842F8D01B68002BF5D093F90EC08C45E6
:10568400F6DD5968C4E900310C605C60AC69944291
:1056940000D004B9EC68AB689C4202D0204600F00C
:1056A400FBF86C6187F31188BFF36F8F3046F8BD48
:1056B4009B071CD5856804F084FB81732B689D428D
:1056C40009D16B68C4E900531C606C60EAE76A683E
:1056D4009A42F6D01B68002BF3D093F90E208A422D
:1056E400F5DD5A68C4E9003214605C60DAE781735E
:1056F400D8E700BF98150024034648B9EFF30582A4
:1057040032B9064A51699268914201D0FFF796BDB9
:1057140083F31188BFF36F8F704700BF981500247F
:10572400F8B550EA010306460C4603D104F047FBE2
:105734000020F8BDEFF31187102383F31288BFF321
:105744006F8F174D174BA868186004F083FBA86887
:10575400324623461449183000F0FEF8AB6804467C
:105764001A7C5F6742F004021A746FF00A029A67A7
:105774000E4A536843F080535360002383F3118827
:10578400BFF36F8FAA68D2E90A12B2F1004F08BFC3
:105794009942CDD104F010FC201A20EAE070C8E749
:1057A40098150024C0150024859E000800ED00E033
:1057B400024B03F11802C3E906227047981500242E
:1057C400EFF31181102383F31288BFF36F8F054B1E
:1057D4009A68D37B013BD37381F31188BFF36F8F36
:1057E400704700BF98150024EFF31180102383F352
:1057F4001288BFF36F8F034B9A68D37B0133D37343
:10580400FFF77EBE98150024014B9868704700BFCF
:1058140098150024D3B5DDE90667089CCDE9006737
:10582400FFF7D2FE1CB1034B9B685B69236002B097
:10583400D0BD00BF98150024027C034612F01F025D
:1058440010D10A4988420DD00949086868B1D9893C
:105854007F2909D893F90E20064B1B689A42B8BFDA
:10586400002070470020704710467047A80F00249E
:1058740020030024C4150024044B0122C01A044B45
:10588400C0105843034B1A54704700BF281100241A
:10589400ABAAAAAACE150024F8B50C4B0C4D1E7C5D
:1058A400FFF7CAFF182304460A4F03FB0655284690
:1058B40000F0EAF834B1BB5D28460749E21AD31771
:1058C40000F04AF80023BB55F8BD00BF981500242A
:1058D40028110024CE1500247D58000870B5EFF37C
:1058E4001186102383F31288BFF36F8F0F4D104B73
:1058F400AC681868A04202D1FFF7CEFF11E0002285
:105904001A602B7C0B4AD35C5BB12046FFF794FFF3
:1059140038B1237CDB0604D1FFF726FD6869A04279
:10592400EAD086F31188BFF36F8F70BD98150024F9
:10593400C0150024CE150024024B1868984208BFF5
:105944000020704728030024024B186808B1FDF7B3
:10595400A1BE704724030024B3F1FF3F08BFB2F196
:10596400FF3F2DE9F84F0446994615461F4600F0BF
:1059740081808160EFF31188102383F31288BFF3D1
:105984006F8FB9F1000FDFF8F4A025DBFFF7DCFF20
:105994003B4B06461B68003B18BF0123451949EBE6
:1059A400E0795B19DAE9005749F100024FF0010987
:1059B4005D1942EB0707C4E90432FFF7BDFFDFF8C6
:1059C400C4E00346DEF804A0EBB9C4E900EACAF86F
:1059D4000040CEF8044028E0DAE900126FF0010339
:1059E4005B1A4FF0FF3161EB02025B1B62EB0902B1
:1059F400012B4FF0000972F10001BCBF012300220A
:105A0400C0E90432D9E7D3E9041CD4E904208A426A
:105A140070EB0C0B25DA891A5A686CEB0000C3E9A9
:105A24000410C4E9003214605C60FFF785FF84420F
:105A34000FD1134B1B6801330BD1B9F1000F02D105
:105A4400FFF782FF0646304604F09FFA0021FDF777
:105A5400A9FD88F31188BFF36F8F28463946BDE846
:105A6400F88F521A60EB0C005345C4E90420ACD003
:105A74001B68A9E700252F46EFE700BF401100246B
:105A840024030024280300240246F8B5EFF311850B
:105A9400102383F31288BFF36F8F016851B3FFF7AC
:105AA4004BFF1C4B5B689A4208D0D1E90434D2E91D
:105AB4000476DB1944EB0604C1E90434D2E900316D
:105AC400002400264FF0004790420B605960C2E961
:105AD4000044C2E9046705D0002085F31188BFF3B0
:105AE4006F8FF8BDFFF730FF04F04FFA2146FDF742
:105AF40059FDF1E7D0E90413B3F1004F08BF0129C0
:105B040004D100204FF00041C2E904016FF01500F8
:105B1400E3E700BF280300242DE9F84F0023DFF852
:105B2400BC902F4C0D46DFF8BC8001264FF0004797
:105B3400C9F800002360FFF7FFFED9F80020D8E978
:105B440000CE4FEAE27A50B1D0E904319A427AEBBE
:105B5400010B1FDA9B1A61EB0A01C0E9043112EB55
:105B64000C024FF000064EEB0A033046C9F8006001
:105B7400C8E900234FF0FF33236004F006FA3146EE
:105B8400FDF710FD85F31188BFF36F8FBDE8F84F63
:105B9400FFF7A4BE13EB0C0CA2EB0303D0F808A090
:105BA400C9F8003041EB0E01D0E90032C8E900C168
:105BB40013605A600023C0E90467C0E9003385F329
:105BC4001188BFF36F8FD047EFF31185102383F350
:105BD4001288BFF36F8FFFF7AFFEAEE7C81500243E
:105BE400240300244011002410B5EFF31184102382
:105BF40083F31288BFF36F8FFFF7A6FE054A0346AF
:105C0400D2E90001181841EBE37184F31188BFF362
:105C14006F8F10BD40110024F8B507460C46164698
:105C240004F0A5F808B10020F8BD0D4B9B68DD6EAB
:105C3400002DF8D0221DF6D2EFF31184102383F344
:105C44001288BFF36F8F47F004012846B04784F3EE
:105C54001188BFF36F8F0028E5D040F8045BE3E7B9
:105C6400981500240146024A0020FFF7D5BF00BF63
:105C7400B7630008074B07B54FF4806200930649E9
:105C84004FF0FF330548FFF787F9002003B05DF8B4
:105C940004FB00BF20AA0008802A00244811002425
:105CA4002DE9F04F8BB04368009383789C078046BE
:105CB400924640F1F98000250878002800F0F6802B
:105CC40025280AD04B1C019301354146009B984777
:105CD4000028C0F2E3800199EEE74E788B1C252E54
:105CE4000193F1D00027B9463C460A221F2C22D842
:105CF400A6F12003102B20D8DFE803F0141F1F1A8D
:105D04001F1F1F0B1F1F1F121F171F1F090044F007
:105D14000104019B13F8016B0193002EE6D13AE0D4
:105D240044F0020444F00404F3E744F00804F0E708
:105D340044F01004EDE77F2C24D8A6F13003092B9E
:105D440008D860064EBF02FB073702FB093944F04E
:105D54002004DEE72A2E0DD161065AF8043B53D401
:105D6400002BA7BF44F020049946C3F1000944F076
:105D74002804CEE72E2E05D1630600F1978044F067
:105D84004004C6E76C2E2ED028D8682E32D06A2E56
:105D940037D04C2E35D0002F46F02003B8BF24F066
:105DA4004004A3F16502BCBFA4B20027022A01D9B2
:105DB400612B2BD10AF1070A2AF0070A9C4E0AF13B
:105DC400080A0727210760D506EB070B34465C4514
:105DD4005DD1AE1BA219A9EB070959E1742E98D025
:105DE4007A2E96D0D7E7260648BF44F4007444F0D0
:105DF40080048EE7E00548BF44F4007444F48074E2
:105E040087E744F4207484E71F4682E7A6F163021F
:105E1400122A00F2D880DFE812F013004D00D600F9
:105E2400D600D600D6004D00D600D600D600D60047
:105E3400D600E800D100D600D6001A00D600A00093
:105E44005AF8043B8DF81030012704AEBAE75AF82B
:105E5400046B784B002E08BF1E4614F0400F14BF8D
:105E640039464FF0FF31304604F019F90746A9E7E7
:105E7400009B41462020984700280FDB013CA742A5
:105E8400F6D34D442D1BA1469EE74C46F7E714F884
:105E9400010B009B41469847002898DA98F8023095
:105EA40043F0040388F802304FF0FF3528460BB066
:105EB400BDE8F08F220630D5A3052AD50AF1070ADA
:105EC4002AF007039A4659685AF8080B24F0100B75
:105ED40000291FFA8BFB2FDA404261EB41014BF49E
:105EE400806B04AC0A23224604F0E5F81BF0400F53
:105EF400A0EB040200F08E802BF001049742A4B2C0
:105F040040F38F80002E40F08E802BF01104A4B259
:105F14001DE05AF8040BC117D8E7E0055AF8041B32
:105F240001D40846F7E7A2054BBF48B208B241F3D3
:105F3400C01141F3C031C9E750EA0103D1D163066E
:105F4400CFD5002FCDD124F01104A4B23A463B465C
:105F540040F206410C4262D124E024F01004A4B2C1
:105F64000A2314F0800243D014F400711FBF0AF115
:105F7400070A2AF007029246516814BF5AF8080B20
:105F84005AF8040B50EA01023ED124F0160B6206C3
:105F94001FFA8BFB3CD5002F3AD124F01704A4B28E
:105FA4003A463B4621075AD4E10705D5994572DDA7
:105FB400A9EB03039F184B469B464AE044F01004A8
:105FC40010237826CDE7782B04D1C6F1780343F06B
:105FD4001003C6E7009B4146252098470028FFF69A
:105FE4005DAF02354146304670E608230026B8E727
:105FF40014F480715AF8040BC4D014F400711ABF5D
:10600400C0B2114680B2BDE724F006041FFA84FB37
:1060140004AC68E713465C46E10699D52EB9013312
:10602400C0E71346F8E73B46F6E70233BAE700BF9A
:1060340022B000081BB00008CDE902324146009BA3
:10604400202098470028FFF629AFDDE902320BF142
:10605400010BD945F0DCEB1A03EB0B055B46E106BB
:1060640027D5CDE902324146009B302098470028CD
:10607400FFF614AFDDE902327EB901352F44791BF6
:106084008A4229DB144604AE9CBB2A44A9EB0309CB
:106094001546914442E017468EE7CDE902320235B7
:1060A40041463046009B98470028DDE90232E5DA94
:1060B400F4E640F206410C42E0D014F0020F14BFA3
:1060C4002B20202014F4806FCDE9023205F1010564
:1060D400414618BF2D20E5E7CDE902324146009B39
:1060E400302098470028DDE9023205F10105C6DABF
:1060F400D4E6013CCDE90232305D009B414698472D
:106104000028DDE90232BFDAC8E6009B41462020C0
:106114009847002805F10105FFF6C0AEA9EB050379
:10612400002BF2DCD7E500BF704700EBC1004088CC
:1061340040087047F8B50346FFF7F7FFB0FA80F060
:10614400CA000C468DB2C0F11F00171D063203EBC6
:10615400800CDCF8106056B9012101FA00F0D9680E
:106164000143D960CCF81040DD539D52F8BDF100D5
:106174000431585AD85303EBC0009E52C5805D5277
:10618400F4E710B500EBC104E388994202F104017D
:106194000AD1012303FA02F2C36823EA0203C360AB
:1061A400002340F8213010BDA28840F8213000EBD4
:1061B400C20100EBC300CB808280F4E708B503463C
:1061C400FFF7B3FFB0FA80F21846C2F11F02BDE830
:1061D4000840FFF7D6BF2DE9F843B1FA81F306462C
:1061E4000D46C3F11F0200EB8209D9F8107087B97C
:1061F400C3F120034FF0FF349C40F3681C4014D0DB
:1062040094FAA4F2B2FA82F2131D56F823402146FE
:1062140008E03C464FF0030821463046FFF785FF6F
:10622400A84205D33046FFF7ACFF2046BDE8F8830B
:1062340006EBC404B8F10108E488C9F81040D7D0CB
:10624400A742E9D1D4E738B50446FFF76EFF034609
:106254000D4620461146FFF768FF034404EBC505CD
:1062640020469BB25A006A80FFF75FFF014424F87E
:10627400313038BD70B50B460446FFF756FF511A4E
:1062840004EBC3059B1A89B2034404EBC2004E001D
:106294009BB26E805D004580204624F83210114682
:1062A400FFF743FF014424F8313070BDF8B50029ED
:1062B40051D004680D1F2D1BEE0825F00705621947
:1062C400538813F0010306D183F31188BFF36F8F52
:1062D4000423184602DF31462046FFF726FF3044E8
:1062E40034F83030C01A864207D0002383F3118873
:1062F400BFF36F8F0423184602DF538831462046CC
:1063040023F001035380FFF710FF371804EBC70392
:106314005B88DA0708D439462046FFF74FFF3A4630
:1063240031462046FFF78FFF655B751B04EBC50301
:106334005B88DB0709D429462046FFF73FFF324636
:106344002E4629462046FFF77EFF31462046BDE80B
:10635400F840FFF7EFBEF8BD70B509B9002070BD75
:1063640001F007030568CC080B33284604EBD3047B
:10637400AB689C4228BF1C462146FFF72CFF06460B
:106384000028EBD001462846FFF7CFFEA04207D9EC
:1063940032192846FFF76EFF28461146FFF7CAFE5A
:1063A40005EBC6025388104643F0010304305380C2
:1063B400D5E71146FFF7D0BF2DE9F84314464A420A
:1063C400034602EA010931EA02020BD04A464F466B
:1063D400A1EB0909042A28BF04226CB90025284628
:1063E400BDE8F883042904D82146BDE8F843FFF743
:1063F400B3BF00270422F0E71E68A9EB020204F0F1
:10640400070302F0070130460B330B44E10801EBAC
:10641400D20101EBD301B368994228BF1946FFF7B3
:10642400DAFE80460028D9D03D1D09F1FF3305EB83
:10643400C00535441D44B5FBF9F509FB05F5ED1B15
:106444002C442B1F07349B1B24F00704B0EBD30F01
:106454004FEAD307A4EB06044FEAE40408D201464A
:106464003A463046FFF706FF41463046FFF762FEE4
:1064740039463046FFF759FE3844844207D2304645
:106484002246FFF7F7FE21463046FFF753FE06EBA0
:10649400C706738843F001037380A0E7043A2DE92B
:1064A400F843CC1D11444FF0000924F0070421F0F7
:1064B40007064946A6EB0408046004F11000C4F87A
:1064C4000C904FEAD807B7FA87F2A760C2F1240507
:1064D400C2F12002AD009200073503F0D8FDA4F804
:1064E4000090ED08AAB204EBC501530043F0010388
:1064F40063807B1B9BB258004880294624F83520D2
:106504002046A6F8029024F8083004EBC7035A8802
:1065140042F001025A80BDE8F843FFF70BBE0020A9
:1065240070470FB407B504A951F8040B0191FAF7A9
:106534007DFA03B05DF804EB04B0704770B506460D
:106544000C888888241A3069A4B285B2844224BF96
:10655400641BA4B22D1BA8B2984228BF1846336806
:10656400234413600B8803440B8070BD70B483898B
:1065740085880669ED1AADB2731B934270BC28BFBF
:1065840013460A46011DFFF7D9BF70B40E460146F3
:10659400C58831F80A3FEC1AA3B2934228BF1346C8
:1065A400324670BCFFF7CABF4B8810B50C88E41A9A
:1065B400A4B294420ED31A448B8892B24A800A80C1
:1065C400D21A006992B2824201D2002010BD034463
:1065D4008B80FAE76FF01500F8E72DE9F3410646E2
:1065E4000F4615464FF000082A4601A93046FFF72A
:1065F400BDFF044640B1024639460198A04403F069
:1066040038FD2D1B2744EFD14246311D3046FFF79C
:10661400CBFF404602B0BDE8F0812DE9F3410746C7
:106624000E4615464FF000082A4601A93846FFF7E2
:10663400ACFF044648B12EB10246304626440199C7
:1066440003F017FD2D1BA044EED1424607F10A01C9
:106654003846FFF7A9FF404602B0BDE8F081704715
:1066640082B00A210190019820EAE070A0FB0101A8
:1066740002B003F046BCF0B5012402F4C046406801
:106684008C40B6F5804F406804FA01F53ED10729E5
:10669400C2F343272ED805FA01F3066A8B40C3EBF5
:1066A400031C7B4326EA0C06334303624668C2F3A9
:1066B400C0338B4026EA04010B434360846805EB36
:1066C4004501C2F3014324EA01046B43234383607D
:1066D400C2F38143C468C2F341326B4324EA010428
:1066E4006A432343C360036823EA01031A43026035
:1066F4000020F0BD230A466A5B435B43C3EB031CE3
:106704005F4326EA0C063E434662CFE7B6F5005FD8
:10671400D4D14768C2F3C03606FA01F127EA040669
:1067240031434160002BC9D0D30258BF2404846193
:10673400C4E7704703F0ABBC03F09BBC01460068A0
:10674400FAF7CCBA08B5FAF7F9FABDE80840FAF74F
:1067540015BE00210120FAF7C1BA6FF08500704719
:1067640061B662B680F31188BFF36F8F704772B65B
:10677400002383F31188BFF36F8FBFF34F8F30BFB4
:1067840062B6BFF36F8F70477047202809D9B0F104
:10679400004F08D80138B0FA80F0C0F11F00400063
:1067A4007047082070473E20704708B5FBF70CF887
:1067B400002008BD7047BFF35B8F50E8003F0133F2
:1067C40040E80032002AF8D1BFF35B8F7047002302
:1067D40003824369C3607047C1698968FBF760B885
:1067E4000146083008B5FFF7E6FF084608BD10B5B6
:1067F40008B14B68436000234C6808464B60FBF7C4
:10680400CDF8204610BD8388026819448180D018D1
:10681400704730B484880568A3188380281930BC75
:1068240003F027BC10B5838802685C1C8480D018F0
:10683400D15410BD8388026830B59D1CD41885805E
:10684400D154090A617030BD83885B1A9BB283807E
:106854000068184470474FF0FF324FF0FF330430A4
:10686400FEF70EB9FEF77EB990F86C00C0F3411044
:10687400704783691B6993F8800000F0010070473A
:10688400F8B504461E460D461746FFF7E4FF94F894
:106894006C309B0715D425B1012D10D06FF0150570
:1068A40008E0216F0029F9D09DF8183000250F71F8
:1068B4004E718B71201DFFF7D5FF2846F8BD616F1F
:1068C400F0E76FF00F05F5E790F86C00C0F3800077
:1068D400704738B50446FEF773FF2046FFF7BBFF49
:1068E400A06940B96FF01205201DFFF7BBFFFEF74A
:1068F4007BFF284638BD94F86C30DB0716D403F0D0
:106904000AF80028EED02046FBF706FF05460028CB
:10691400EAD10146242204F1280003F0B8FB94F8DC
:106924006C3043F0010384F86C30DDE76FF07705D9
:10693400DAE770B50446FEF743FF2046FFF78BFF06
:1069440094F86C30DA0731D5C3F340019B0730D497
:10695400A06901F0BAFC0646A06901F046FD0546AF
:10696400B0B9A36F4BB13146204600F097F9054604
:10697400A8B1A06901F065FD0AE0A06901F0DDFCA1
:10698400A0670028EFD16FF00B05A06901F059FD55
:10699400201DFFF767FFFEF727FF284670BD94F818
:1069A4006C3043F0020384F86C30F1E74FF0FF35AC
:1069B400EEE76FF07705EBE70246034652F8640F03
:1069C40090420BD100207047027A8A42FBD09A6E23
:1069D4008242F7D000680028F6D170470028F3D12E
:1069E400704738B504460D46FFF735FF94F86C3010
:1069F400DB0718D42B690BB9EB68BBB1636E1BB909
:106A040004F16403C4E919332B6893B9A26E04F149
:106A14006401C5E900121560A5661D46201DFFF737
:106A240021FF284638BD4FF0FF35F7E76FF0150515
:106A3400F4E76FF07705F1E710B50446034654F820
:106A44004C0FA0420DD100200DE0447D8C4204D1B6
:106A5400032909D1047A944205D01C6D8442F2D0F2
:106A640000680028F1D110BD0F29F5E72DE9F8439E
:106A740005460C46071D4FF0FF324FF0FF333846F2
:106A8400FDF7FEFFD5F87490B9F1000F75D0D5F875
:106A94007080B8F1000F70D095F86C30DB076CD4BF
:106AA400EB6C1BB905F14C03C5E913332368002BC8
:106AB40066D1637D0F2B09D1237A012B10D02B6D66
:106AC40005F14C02C4E900231C602C65637D032B93
:106AD40029D105F14C00EA6C90422BD1002336E019
:106AE400E1682846FFF77DFF06460028E7D03846D0
:106AF400FEF738F83046BDE8F8834E7D032E14D0F7
:106B0400013323724B68C4E900131C604C60637A40
:106B1400022B26D0032B2AD0012B02BF237A89F81B
:106B24000E3088F80E300026E1E70E7A013EB342BB
:106B3400E6D11268002AD1D0517D2B6D03290DD1E5
:106B44009A42137A02D011680029D6D101332372F4
:106B54002B6DC4E900031C602C65D8E79342E8D18F
:106B6400BCE7237A89F80F3088F80F30DBE7237A03
:106B740089F8103088F81030D5E74FF0FF36B6E7C3
:106B84006FF07706B3E70346006800B1187A7047E0
:106B94008388C2888168D21A03685B1AD01A704746
:106BA4000346C08808B11878C009704770B50C4610
:106BB400154600F025FB40B1406883681B6823B18B
:106BC4002A462146BDE87040184770BD38B580217B
:106BD4000446806901F0D4FB054650B101462046C5
:106BE40000F0B5FC044610B12846FAF7D7FE20465B
:106BF40038BD6FF00B04FAE738B50446806FFFF731
:106C0400EFFD0546FFF7E3FD2046294600F09FFC13
:106C1400044610B12846FAF7C1FE204638BDF8B53F
:106C240004460D46174686680369BFF35B8FD3F8A5
:106C3400A030BFF35B8F9B070ED5B36A7BB1F36BB8
:106C44009847B36A29463A4620469847336C054626
:106C5400204698472846F8BD4FF0FF35FAE76FF015
:106C64008505F7E770B504460D4686680369BFF3EA
:106C74005B8FD3F8A030BFF35B8F9B070BD5F36B0F
:106C84009847736A294620469847336C0546204640
:106C94009847284670BD4FF0FF35FAE710B5044613
:106CA40019B9002084F8300010BDFFF7A5FF0028B3
:106CB400F7D0F9E738B590F830300D46022B04D1FF
:106CC40000F078F908B1C46804B938BD2B78032BF7
:106CD40005D0052B0ED0022B08D02468F4E7606899
:106CE40083685B69002BF8D09847F6E7606883688F
:106CF4009B69F7E760688368DB69F3E7012270B595
:106D040015460B685BB302F07F04103423FA04F6D3
:106D1400F60710D5036823FA04F6F60702D46FF0D9
:106D2400150070BD05FA04F423EA040303600B683C
:106D340023EA04030B60D340DE070DD5036823FA6E
:106D440002F4E407EBD505FA02F423EA0403036032
:106D54000B6823EA04030B600132102AD1D100200E
:106D6400DFE72DE9F04F002691B053689346D468CD
:106D74000A90089103930E96049674B9049B039A9F
:106D8400093316719BB293701B0AD370DBF80C4065
:106D9400002C40F0B4802046ACE060684FF0000A5C
:106DA4008368CDF83CA01B6B002B00F0A6800899EB
:106DB4009847002800F0A180A0F104093546C4E9F1
:106DC40003AA59F8043F0BB11A78D2B9B54240F27C
:106DD4009E80E3680F9A1343E360606883689B6A4C
:106DE400002B00F099809847002840F08380606869
:106DF4002E46089900F0CBF9049B246803440493BD
:106E0400BBE75A780B2A08BF9D70D9F800305A782E
:106E1400042A10D1E2680F990A43E260DA78002A62
:106E240059D101229D702369AA4001351343EDB263
:106E34002361CDF83CA0D9F800707B78052BC0D134
:106E44000A9B6FF012004FF001089B6909937A794D
:106E54005FFA88F13B7943EA0223ADF836300E9BA2
:106E6400059397F90230059A002BB5BF41F08001D4
:106E74004FFA88F34BB20793AFBF4346079321F011
:106E840080031033DA40D2072CD40F9A22FA03F38A
:106E94000692DB0726D4BB79FA78099800930DF1A2
:106EA40036030B9101F096F80B99D8B9079BB9708A
:106EB400002B4FF001030598B8BF21F08001BDF805
:106EC4003620B8BF1031BA808B4006991843194355
:106ED400CDE90E0175E76A1E0FA90EA89A70FFF797
:106EE4000DFFA6E708F10108B8F1100FAFD1002893
:106EF4003FF467AF11B0BDE8F08F35466DE7E36846
:106F040004F10C010EA8A360FFF7F8FE10B16FF0B6
:106F14001500EFE724683BE76FF08500EAE738B532
:106F240083690446026F1B6993F88030C3F34113ED
:106F3400022B0CD0032B0CD0012B0CBF10230823E5
:106F4400D371E56D3DB9656D75B9284638BD20230B
:106F5400F6E74023F4E72A4601212046FFF701FF24
:106F64000028F3D12D68EDE72A4600212046FFF7DB
:106F7400F8FE0028EAD12D68E6E74FF0FF324FF023
:106F8400FF330430FDF77CBDFDF7ECBD21B10129D1
:106F94000DD000231B68FFDE5430006848B14368FD
:106FA4005B79934205D000680028F8D170475C30C3
:106FB400F3E7704710B590F830300446022B09D13E
:106FC400FFF752FC94F8382001462046BDE81040F3
:106FD400FFF7DCBF002010BD08B5FFF7D7FF00386E
:106FE40018BF012008BD2DE9F04104460E46FFF705
:106FF4003BFC804694F83830CBB9002E3BD0324667
:1070040041462046FFF7C2FF0746A8B10246204684
:1070140000F0F5F9054688B984F83860FC6864B373
:10702400606883681B6A03B198472468F7E72046C1
:10703400FFF7C0FF074620B96FF03C052846BDE8BE
:10704400F0810146204600F0B0F9102205460021E7
:1070540004F13A0003F01BF8002384F83830FF6889
:1070640017B9002DC9D0E9E7786883685B6A03B172
:1070740098473F68F4E784F838600025DEE72DE997
:10708400F04105460F461446D2F80480FFF775FF19
:1070940095F86C30D9076DD4012F1ED098F80730BD
:1070A4009A0627D46FB3012F1CD16B6D73BB05F106
:1070B4005C06336800228BBBD5E91C23002F08BF74
:1070C400134662685B7C03F10103DBB25371D5E9BB
:1070D4001C1208BF0A4653742BE02846FFF7C9FB6D
:1070E4000028DBD16FF08507281DFFF74DFF3846D8
:1070F400BDE8F081AB691B6993F880309B07F1D53B
:10710400D0E7EB6D33B905F15406D2E79C4234D095
:107114001B68CBE79C4230D01B68F3E79C4223D129
:107124002368DAB972683360944200D17360002333
:107134002360A16851B12846FFF798FC0746002850
:10714400D2D1A068FFF71FFD88F806000023236052
:10715400736863B9C6E900440027C5E71360736820
:107164009C4208BF7260E2E71A461B68A3E71C60F2
:107174007460F1E76FF00F07B6E76FF01507B3E738
:107184004FF0FF324FF0FF330430FDF779BC08B500
:1071940083681B6B0BB198470346002023B153F857
:1071A400042B0AB1127802B908BD1044F6E710B5F1
:1071B4001C46FFF7EBFE48B10122C06802FA04F353
:1071C40020B10269134201D10068F9E710BD10B57E
:1071D4000C46FFF7EFFE48B10123C06803FA04F13F
:1071E40020B10369194201D10068F9E710BDD1F853
:1071F4001A0083681B6903B118476FF08500704754
:1072040001F07F0311F0800F70B518BF1033012512
:1072140004469D4090F83030022B01D0002070BD10
:1072240090F83860FFF720FB014620463246FFF70E
:10723400ADFE0028F2D0C0680028EFD083681D425C
:10724400EDD10068F8E738B50C46FFF7B3FE80B11E
:10725400C06870B14368DA681AB1117900239942A1
:1072640001DC0068F5E71568ED5CA54201D0013347
:10727400F5E738BD2DE9F84305460846114616469C
:107284001F46FBF761FA0446002840D02846FFF762
:1072940077FF95F86C30DA0707D56FF00F04281DD7
:1072A400FDF760FC2046BDE8F883D4F8048004F1BF
:1072B4001409BFF35B8F6369BFF35B8FDB07ECD407
:1072C400D8F804300BB19D42E7D13A4631462846FE
:1072D400FFF75CFEC0B10023236003698BB9C0E9EA
:1072E4000344BFF35B8F59E8003F43F0010349E8CF
:1072F4000032002AF7D1BFF35B8F0024C8F8045092
:10730400CDE71C600461ECE76FF03C04C7E76FF065
:107314001204C7E72DE9F8434C680D469846064623
:1073240017469DF82090FFF79FFAA36801461B6B50
:107334001BB96FF01500BDE8F88320469847002874
:10734400F7D0041F0C35002054F8041F09B10B7842
:107354002BB9002814BF00206FF03C00EBE74B78FA
:10736400042B0BD1F8B98B784345EDD1CB784B4541
:10737400EAD10B79002BDED00120E5E7052BE3D120
:107384000028E1D0012F07D0022FF5D12A468978B1
:10739400B06900F0C1F803E02A46B06900F0A1F832
:1073A4000028E9D0C7E70020C5E7F8B50646CC6851
:1073B4000CB9204622E004F10C070125E268AAB1C9
:1073C40065F07F03D9B203F07F031033DA40D207AC
:1073D4000ED4E368EB40DB0705D53A46E9B2B06961
:1073E40000F09AF850B90135102DE7D12468DFE791
:1073F4003A46B06900F090F80028EAD0F8BD2DE9CB
:10740400F3470024576805460E4697F80580A146C1
:107414003B79A34203DC002002B0BDE8F0875FFAA9
:1074240084FA3146424628465346FFF7C0FE0146D9
:1074340050B1534601222846CDF80090FFF76AFF69
:107444000028E9D10134E3E76FF03C00E4E72DE9DB
:10745400F74380460D461746FFF7B9FE064628B99E
:107464006FF00104204603B0BDE8F0830F2DF7D878
:1074740008EB050901462B46002299F83A4040469C
:107484000097FFF747FF0028EAD100942B46022219
:1074940031464046FFF73EFF04460028E2D12B4622
:1074A4000122314640460097FFF734FF0446002886
:1074B400D8D1706883685B6813B13A462946984707
:1074C40089F83A70CEE711F0800F4FF0010302689B
:1074D4001CBF21F0800110318B4022EA03030360BA
:1074E400704737B58B790C46154600938B88CA785C
:1074F400897800F0E6FD68B994F90230A178002B90
:107504004FF001032A68BCBF21F0800110318B4089
:1075140013432B6003B030BDF8B506460D4617463D
:1075240000F017FE044658B929463846FFF7CBFF4A
:107534002946304600F0E0FE044608B902F03FFC5C
:107544002046F8BD0A468069802100F005BF2DE978
:10755400F0410B7E0C46054659062ED123B3FFF7A6
:10756400B3F970BB2846D5F87080268AEF8DFFF7F3
:107574007BF9F8B1421E534253419B01228A9AB1CE
:10758400BE423246E98D28BF3A4691420CD9B2FB3D
:10759400F3F103FB11223AB994F91830002BBEBF62
:1075A400637E43F0080363762146A869BDE8F04191
:1075B40000F045BE98F80730E0E76FF01500BDE82D
:1075C400F0814FF0FF30FAE770B591F918300546B5
:1075D4000C464668002B07DBC4F81A502146B069F4
:1075E400BDE8704000F02BBE3046FFF76DF900286F
:1075F400F2D04FF0FF3070BD806900F0D2BE38B5D4
:10760400054680690C4600F0C0FD58B914F0800F9F
:107614004FF001036A6B1CBF24F080041034A340B4
:1076240013436B6338BD70B5054680690E4600F0A0
:10763400D6FD044620B9314605F13400FFF743FF77
:10764400204670BD0B06406B44BF21F08001103111
:10765400C84000F00100704782B0C3698DF8001083
:1076640001922BB102AB13E9060002B0FBF7DAB8C2
:1076740002B0704782B0C3698DF8001001922BB13B
:1076840002AB13E9060002B0FBF7CCB802B07047B6
:10769400704703695B68D3E90320012918BF1046CA
:1076A400704743680361037A63B1012B0CBF022363
:1076B40003234375437A5A1E032A05D8DFE802F0F0
:1076C400050505050123F4E700230375837A062BDA
:1076D40009D0072B09D0052B0CBF00230323837586
:1076E400837EC37570470123F9E70223F7E7036933
:1076F40093F8400030B1DA6B9388918910695B1A72
:107704009BB2C01A7047036993F838007047036945
:1077140093F8402012B993F838007047012070475D
:107724000369C3E907127047CB79026923B1012BBE
:1077340002D06FF085007047002093767047BFF346
:107744005B8F0068BFF35B8F084100F00100704756
:1077540003691B69BFF35B8F883353E8001F41F053
:10776400020143E80012002AF7D1BFF35B8F704790
:1077740010B50469606BFEF750FF10B1012384F863
:10778400393010BD10B50469606B4289C3889A42D0
:1077940002D14FF0FF3010BD0122FEF73EFF00285A
:1077A400F7D004F17800FDF7F1FB0020F3E738B5DA
:1077B4000469EFF31185102383F31288BFF36F8FED
:1077C400E06BFEF70AFF85F31188BFF36F8F10B1EA
:1077D400012384F8413038BD0269002013690B602D
:1077E40053694B60704738B5034640681B695D6850
:1077F400AC68A37A84F8223094F82D3084F82330CE
:10780400A376696841B1237C33B9FFF72FF918B91E
:107814006868FFF7B8F92074002038BD10B5036913
:1078240040685B689C68FFF71FF801280CBF94F858
:10783400520094F83D0010BD10B5036940685B68C0
:107844009C68FFF711F801280CBF94F84B0094F8DA
:10785400360010BD08B5FFF707F801280CBF4FF438
:107864000070402008BD0123BFF35B8F8B40DB43D6
:1078740050E8002F1A4040E800210029F8D1BFF356
:107884005B8F7047006902218830FFF7ECBF006905
:1078940003218830FFF7E7BF08B5036900211869A1
:1078A4008830FFF7E0FF0121BDE80840FFF7DBBFA8
:1078B4000369012118698830FFF7D5BF2DE9F84322
:1078C400036906460D46D0F804801C690F7E6AB32E
:1078D400FFF7A4FFB84204D1042104F18800FFF7A4
:1078E400C2FF2F7E3046FFF7A7FF874204D1052150
:1078F40004F18800FFF7B7FF336970685B6895F897
:1079040018909F68FEF7B0FF01280CBF97F8443029
:1079140097F82630994503D104F18C00FDF7FEF960
:1079240029464046BDE8F843FFF766BEFFF776FFF9
:10793400B84214D12A8AE968606BFEF74EFE28B17A
:10794400E3691BB104F12400FDF720FB04F1880076
:107954000421FFF788FF04F17800FDF717FB2F7E61
:107964003046FFF769FF874215D1E3691BB104F183
:107974002400FDF70BFB052104F18800FFF773FFDA
:10798400E36B5A89DB889A4205D00022002304F174
:107994004800FDF76BFB336970685B6895F81890D5
:1079A4009F68FEF761FF01280CBF97F8443097F8F1
:1079B40026309945B4D104F18C00FDF755F9AFE7B1
:1079C40038B550F8083C0446002B4FD050F8243CFE
:1079D40000F1640502215B681A68002383828383B3
:1079E4002846FFF7ACFEB8B1106954E90231984754
:1079F400637D1BB104F15400FDF7C8FA0521284644
:107A0400FFF79DFE98B9637F6BB10022002304F158
:107A14002400FDF72BFB0AE003212846FFF78FFE25
:107A24000028E1D1E4E714F8093C002BEDD1022150
:107A34002846FFF784FE38B123695A89DB889A42C5
:107A440002D02046FDF7A2FA03212846FFF777FE6D
:107A540060B1A2699388918912695B1A9BB29A42B8
:107A640004D02046BDE83840FDF790BA38BD08B5CB
:107A74000369022103F188021046FFF760FE28B172
:107A8400596BC8884989401A18BF012083F8380007
:107A940003211046FFF753FE40B1DA6B90889189B9
:107AA4001269401A80B2801A18BF012083F840007E
:107AB40008BD0069BFF35B8F00F1880353E8001F22
:107AC40041F0080143E80012002AF7D1BFF35B8FAD
:107AD400C26B9388918912695B1A9BB29A4202D055
:107AE4002430FDF753BA704738B50469BFF35B8F90
:107AF40004F1880555E8003F43F0040345E80032EB
:107B0400002AF7D1BFF35B8F636B5A89DB889A42F3
:107B140003D004F12400FDF739FA04212846FFF7C5
:107B24000EFE28B904F17800BDE83840FDF72EBAFE
:107B340038BD70B503691C69BFF35B8F04F1880518
:107B440055E8002F42F0010245E800210029F7D151
:107B540002212846BFF35B8FFFF7F1FD10B11846F1
:107B6400FFF7C2FFE3691BB904F17800FDF70EFAD1
:107B7400E36B5A89DB889A420AD103212846FFF72E
:107B8400DEFD68B104F12400BDE87040FDF7FEB9E4
:107B940004F1480000220023BDE87040FDF766BAF6
:107BA40070BD5F2817D800F01F0201231F2803FAB5
:107BB40002F34FF0B04206D8D2F8882093430CBFAA
:107BC4000120002070473F2802D8D2F89820F5E71A
:107BD400D2F8A820F2E70020704700F01F0201232A
:107BE4005F2803FA02F30FD81F284FF0B04203D8DE
:107BF400C2F88830002070473F2802D8C2F8983075
:107C0400F8E7C2F8A830F5E76FF01500704708B53B
:107C1400062201210020FAF7C1FF002206201146A6
:107C2400F9F71AFB012107220846FAF7B7FF0022E9
:107C340007201146F9F710FB082201210220FAF768
:107C4400ADFF002208201146F9F706FB09220121A5
:107C54000320FAF7A3FF002209201146F9F7FCFAE2
:107C64000A2201210420FAF799FF00220A20114672
:107C7400F9F7F2FA052117220846FAF78FFF0022D6
:107C840017201146F9F7E8FA282206210A20FAF704
:107C940085FF002228201146F9F7DEFA002008BDEE
:107CA40001F01F010120884070474FF0B042D2F824
:107CB400803023EA0003C2F880307047032925D8B6
:107CC400DFE801F0020D121C4FF0B0431A6822EAFB
:107CD40000021A605A6822EA00025A6070474FF0A4
:107CE400B0431A680243F4E74FF0B0435A680243C2
:107CF4005A601A6822EA00021A6070474FF0B043D3
:107D04001A6802431A605A6810435860704700F0BA
:107D140003020F2304329200934043EA900000F0E0
:107D24000303020C92FAA2F29B0003F1B04303F5A1
:107D3400806310B59C6824EA10400AB1B2FA82F25A
:107D440091400143996010BD38B50446807AF9F733
:107D54007DFD0546616949B1637ADB0704D4C369D3
:107D640020461B689B689847002363612146284688
:107D7400BDE8384001F06DBF090630B50546847C86
:107D840014D414F0400016D0298AC3F30A00C1F3B6
:107D94000A01884220D802F00300022809D00328EF
:107DA4000AD0012811D004F0010004E014F02000EE
:107DB400E9E7C4F3800030BD14F00200FBD013F4F3
:107DC400C05F0BD0C4F30010F5E714F0080207D02D
:107DD40013F4C05FEFD0F5E70020ECE70120EAE7F9
:107DE4001046E8E7BFF35B8FD0F8A000BFF35B8FCA
:107DF40000F001007047BFF35B8FD0F8A000BFF321
:107E04005B8FC0F340007047026902F1A003BFF327
:107E14005B8FD2F8A020BFF35B8FBFF35B8F51B1B0
:107E240053E8001F41F0040143E80012002AF7D18F
:107E3400BFF35B8F704753E8001F21F0040143E850
:107E44000012002AF4D0F6E701F00F0309060269D4
:107E540048BF103352F823007047007DC0F3001070
:107E64007047037D61F304130375704708B5026915
:107E74001046FFF7B7FF60B9087E00F00F03000655
:107E840048BF103342F82310084601F0CFFE00200B
:107E940008BD6FF00C00FBE700220023FCF7B2BE24
:107EA40001F0E1BE01F0CABE407EC0F3C0007047DD
:107EB400437E23F00803437670471FB504698DF8A9
:107EC400041001A9D4F89830CDE90220984704B0F1
:107ED40010BD1FB50346046906208DF80400204632
:107EE400CDE90213FFF77EFF40B1C1F81E2018460A
:107EF400D4F8982001A9904704B010BD4FF0FF308A
:107F0400FAE738B505460C462046FFF7C5FF01469B
:107F140000B938BD6FF070022846FFF7DAFFF3E7C7
:107F24002DE9F843066907460D46D6F80090D6F8C1
:107F340040804FF0FF324FF0FF3306F18400FCF72E
:107F44009FFD4046FFF7A8FF014618BB4846FFF7D0
:107F5400A3FF044620BB99F8143023F0100389F8DA
:107F6400143098F8143023F0100388F8143024BB2C
:107F7400012286F8B020EDB12B68C6F8A8306B68F2
:107F840086F8B120C6F8AC3038698430BDE8F843CF
:107F9400FCF7E8BD6FF067023846FFF79AFFD0E7B9
:107FA400637EDB07D7D46FF0670221463846FFF7BC
:107FB40090FFCBE786F8B150E6E72DB108222946B9
:107FC40004F10C00FEF725FC002221463846FFF799
:107FD40080FFD9E72DE9F8430546884614461F4635
:107FE400D0F80890FFF730FF0646002834D0D9F8BF
:107FF4003C302846984741463B8822463046FFF7A6
:10800400BBFE804688B183B92B6904F0030493F85E
:108014008030DB0753BF40224FF480624FF400717D
:108024001146022C0DD0032C11D02846D9F840302B
:108034009847B8F1000F14BF00206FF08500BDE829
:10804400F883338A8B4228BF0B463B80EDE7338AA3
:10805400934228BF1346F8E76FF01200EFE72DE9CB
:10806400F0470546894690461F46D0F808A0FFF71A
:10807400EBFE044610B3067DF3071CD43B46424690
:108084004946FFF779FEC8B19DF8203026F0060670
:1080940084F8198021466783284623772675DAF801
:1080A40018309847B0FA80F3227D5B0963F300022D
:1080B4002275BDE8F0876FF07700FAE76FF01200E1
:1080C400F7E72DE9F3411F464B0604460D461646D5
:1080D400D0F808801BD0D8F83C3098472069FFF7C7
:1080E4008AFE88B19DF82030294632462046009306
:1080F4003B46FFF7B4FF0546D8F840302046984782
:10810400284602B0BDE8F0814FF0FF35F4E76FF088
:108114001505F5E770B505468668FFF795FE044634
:1081240088B1037DDB0711D50146F36928469847DA
:1081340038B1237D03F00103227D63F3000222752D
:1081440070BD0346F8E76FF01200F9E76FF07700AF
:10815400F6E74B0670B504460D46866812D0F36BFD
:1081640098472069FFF73EFE48B129462046FFF7AD
:10817400D1FF0546336C20469847284670BD4FF022
:10818400FF35F7E76FF01505F7E770B58668054624
:108194000C46F36B98472869FFF72DFEB0B12146D2
:1081A4002846FFF751FE014698B1037DDB0710D541
:1081B400437E03F00303012B0ED0F368284698474F
:1081C40004462846336C9847204670BD4FF0FF3470
:1081D400F7E76FF01204F4E76FF08504F1E7F8B500
:1081E400876806460C46FB6B98473069FFF703FE29
:1081F400E0B121463046FFF727FE0546C8B1037DAE
:10820400DB0716D5437E03F00303012B14D001468C
:108214003B6930469847044618B92B7D60F3410307
:108224002B7530463B6C98472046F8BD4FF0FF3421
:10823400F7E76FF01204F4E76FF08504F1E72DE936
:10824400F0418668054607690C46F36B9847286930
:10825400FFF7D1FD98B394F8188028464146FFF7FC
:10826400F3FD014670B3037DDA072BD518F07F0FB9
:1082740020D197F8B030EBB1637EDB0717D597F8C0
:10828400B13033B1082207F1A80104F10C00FEF764
:10829400C0FA002287F8B02021462846FFF719FECD
:1082A40004462846336C98472046BDE8F0816FF0B9
:1082B4006702F1E77368224628469847F0E74FF0D3
:1082C400FF34EEE76FF01204EBE770B586680546FD
:1082D4000C46F36B984721462846FFF7B5FD48B195
:1082E40001F0C1FCB0FA80F464092846336C984765
:1082F400204670BD0124F8E770B5866805460C4633
:10830400F36B98472869FFF76DFD80B12146284635
:10831400FFF79AFD014668B104681CB1B3682846AA
:10832400984704462846336C9847204670BD4FF062
:10833400FF34F7E76FF01204F4E708B5036900218E
:108344001B685A8BFAF7C2FC28B1437E23F007035B
:1083540043F00103437608BD08B539B90369013A0E
:108364001B685B8B1A44B2FBF3F25A43FAF7AEFC78
:1083740028B1437E23F0070343F00203437608BD8C
:1083840008B561B903691B685A8BFAF79FFC28B1D9
:10839400437E23F0070343F00403437608BD002221
:1083A400F3E770B586680D460446F36B9847284694
:1083B400F9F7F4FA2046336C9847002070BD70B585
:1083C40086680546F36B98472869FFF714FD044651
:1083D40020B133683BB12846984704462846336C9D
:1083E4009847204670BD0124F8E7F8B5876804462D
:1083F4000669FB6B98472069FFF7F4FCD8B1206944
:10840400FFF7F9FCD0B9FB6A20469847054668B9DE
:1084140006F1A003BFF35B8F53E8001F41F0020194
:1084240043E80012002AF7D1BFF35B8F20463B6C70
:1084340098472846F8BD4FF0FF35F7E76FF077050A
:10844400F4E7F8B5876804460669FB6B984720692A
:10845400FFF7D1FCB0B13B6B2046984706F1A0036F
:108464000546BFF35B8F53E8001F21F0020143E888
:108474000012002AF7D1BFF35B8F20463B6C98476C
:108484002846F8BD6FF07705F7E72DE9F04105467A
:108494001446D0F808800F46066931B32AB3D8F8D9
:1084A4003C3098472869FFF79DFCD8B92846C6E9AF
:1084B4002674D8F834309847044660B9A036BFF320
:1084C4005B8F56E8003F43F0010346E80032002A80
:1084D400F7D1BFF35B8FD8F8403028469847204641
:1084E400BDE8F0816FF07704F5E76FF01504F6E767
:1084F400F8B5876804460669FB6B98472069FFF75F
:108504007AFCD0B92069FFF76DFCC8B1BB6B20467B
:10851400984706F1A0030546BFF35B8F53E8001F9D
:1085240021F0010143E80012002AF7D1BFF35B8F69
:1085340020463B6C98472846F8BD6FF00F05F7E7D7
:108544006FF07705F4E70346F0B40C46DA88006868
:108554001979224342F3000306690125876803F46D
:10856400402334688D40534023F48012DB074CBF12
:108574002C43AC4334603B68F0BC18470369D3F820
:10858400A430D87928B1013801288CBF00200120FB
:1085940070470220704738B503690446D3F8A450E5
:1085A40043681869F8F736FE00212046FFF7B2FD4C
:1085B40018B16FF00404204638BD20468021FFF72F
:1085C400A9FD04460028F4D1284600F029FD00281E
:1085D400F1D0EEE7F7B54568064603696C68D3F851
:1085E400A470640038469834A1B2A40000F0A2FE3E
:1085F4001022C7F8E84400213846012400F07BFE2D
:10860400D7F8E8344033C7F8E8346B689C421BD38E
:10861400384600F0E5FC0246E8B9014600904023E4
:108624003046FFF71CFD044658B90246009040232B
:1086340080213046FFF713FD044610B92869F8F786
:10864400DBFD204603B0F0BDE1B200223846013420
:1086540000F051FED9E76FF00404F2E7F8B591F9A0
:1086640018300E7E002B01DB0020F8BD7306FBD012
:1086740047684C8BB7F84830C4F30A040069A34236
:1086840095BF033303349B08A308D0F8A440402BC0
:10869400D4F8E80498BF5B009D008AB9A8424FF063
:1086A400000224BF401BC4F8E8042046097E01F000
:1086B4007F0100F020FE0028D6D06FF00400D4E73C
:1086C400BA68121AAA420DD39AB206F07F01204664
:1086D40000F011FE0028F0D1D4F8E8342B44C4F89B
:1086E400E834C1E76FF00B00BFE7F8B54D7E012217
:1086F40003690E4605F00305D3F8A4706B1E022B24
:1087040088BF0025FFF7AAFF044658B9728B2B4691
:10871400317E3846C2F30A0200F0BBFC002818BFC1
:108724006FF004042046F8BD08B50369D3F8A4002B
:1087340000F09CFC002814BF6FF00400002008BD6A
:1087440038B5036904460D46097ED3F8A40000F049
:10875400D5FC024628B929462046BDE83840FFF733
:108764007DBF6FF0040038BD10B503690C46097E67
:10877400D3F8A40000F02AFD48B9237E5B0601D19A
:10878400002010BD237D43F002032375F8E76FF04A
:108794000400F6E738B503690C460546097ED3F8AC
:1087A400A40000F089FD21462846FFF7AAFB2046D5
:1087B4000021FFF756FB002038BD00224D20114652
:1087C400F8F74ABD38B503690546D3F8A4402046F6
:1087D40000F08BFD10B16FF0040038BD00211420AF
:1087E40001F08FFB204600F083FD04460028F2D1FF
:1087F40001462846FFF708FB224602212846FFF7D8
:108804005CFB2046E9E7006984304FF0FF324FF00B
:10881400FF33FCF735B910B50B7E0C46D0F8A40035
:10882400A3B9537EDB070FD4538AC0F8EC34538AC0
:10883400402B28BF4023D268217E00F088FC38B941
:1088440001212046FFF70DFB002010BD538AF2E7FB
:108854006FF00400F9E770B5D0F8A46008460C4640
:108864001546FFF7FAFAA8B9237E298A802BEA680D
:108874000B4602D1402928BF4023D018C91AE8600A
:1088840030462982217E00F087FC28B90121204648
:10889400FFF7E7FA002070BD6FF00400FBE7F8B5BE
:1088A40006460C461546EFF31187102383F312880E
:1088B400BFF36F8F11462046FFF7F4FA94F918308E
:1088C400002B0EDA237D9B0705D5002087F3118842
:1088D400BFF36F8FF8BD2A4621463069FFF7BBFF0F
:1088E400F4E72046FFF7B9FA0028EED12A462146DC
:1088F4003069FFF790FFE9E770B5036905460C4658
:10890400097ED3F8A40000F098FC10BB237D60F32B
:10891400410320462375FFF7C3FA064608B9002031
:1089240070BD2046FFF799FA94F91830002B07DA46
:108934000028F4D1324621462869FFF78CFFEEE780
:108944000028ECD1324621462869BDE87040FFF783
:1089540062BF6FF00400E3E72DE9F74F03690746B0
:10896400D3F8A46006F5AE684FF0FF334FF0FF3242
:1089740001A94046FCF722F89DF80430012B58D099
:10898400022B07D0002BEFD106F29C413846FFF7AB
:10899400C7FAE9E79DF805B0D6F8E4944BF0800AED
:1089A40048465146FFF750FA05460021FFF759FAA9
:1089B4002846FFF775FA04460028D5D01BF07F0F30
:1089C40014D1038A93B1402BC2684FF08001304622
:1089D40028BF40231D4600F0DFFB0028C4D1238AB2
:1089E4005B1B2382E3682B44E360BDE72046FFF76B
:1089F4005BFA834648B12046FFF75AFA0023E2683F
:108A04005146304600F0C8FBAEE72846FFF744FA6B
:108A14005A4601464846FFF75CFA2846FFF740FAF3
:108A240002460028A0D02946D9F81000FFF713FF0A
:108A34009AE79DF805B0D6F8E4945946BDF806A027
:108A44004846FFF701FA0546FFF72AFA044620B91B
:108A540001462846FFF705FA86E751460C30FDF734
:108A6400D2FEBBF1000F16D1BAF1400F13D1228A06
:108A7400D6F8EC349A420ED2E068638A61699B1A94
:108A84000244411A30465B1A297E402B28BF4023FA
:108A940000F05DFB68E72846FFF7FEF90022014677
:108AA4004846FFF716FA2846FFF7FAF9024628B1B6
:108AB4002946D9F81000FFF7AEFE55E70146C8E78E
:108AC40000698430FCF74EB838B5D0F8E454044655
:108AD40000212846FFF7B8F940B1037DDA0705D530
:108AE400002340222046194600F0D3FA802128466C
:108AF400FFF7AAF940B1037DDB0705D50023402227
:108B04008021204600F0C5FA28460021FFF77CF9B1
:108B1400D4F8E40400220421BDE83840FFF7CDB9BD
:108B24000022D0F8E4041146FFF7C7B9002201215E
:108B3400D0F8E404FFF7C1B910B504460121D0F818
:108B4400E404FFF761F9D4F8E40400220321BDE84A
:108B54001040FFF7B2B910B504460021D0F8E40480
:108B6400FFF752F9D4F8E40400220221BDE81040D2
:108B7400FFF7A3B9704737B50D46044600F004FB70
:108B840001238DF805508DF80430ADF8060000225D
:108B9400002301A904F5AE6000F0B9FF03B030BDB5
:108BA400002307B5ADF8063002238DF805108DF8C3
:108BB40004300022002301A900F5AE6000F0A7FFF5
:108BC40003B05DF804FB002307B5019300220023E2
:108BD40001A900F5AE6000F09AFF03B05DF804FB54
:108BE40010B5807A0C46F8F731FEC36921465868FF
:108BF400BDE8104000F0EFBE73B50C46807A16460F
:108C04001D46F8F723FE2168C3691F31CDE90065CD
:108C140021F01F0258682021FBF71CFE00B92060D8
:108C240002B070BD0B8882B0C3F30B0303F62C7241
:108C3400C2F30B02202A14D803F1B043486803F5A9
:108C440011331A68024300201A600B88C3F30B0324
:108C540003F1B04303F511331B680193019B02B088
:108C640070476FF08500FAE70B88C3F30B0303F634
:108C74002C72C2F30B02202A0AD803F1B0434968CC
:108C8400002003F511331A6822EA01021A607047C2
:108C94006FF08500704770B508884A68C0F30B0010
:108CA40094B2C2F30445FAF743FBA0B9FF2A11D0EA
:108CB400C2F34156012304F1B041120E013601F50D
:108CC4001131AA40B3400C68013BAB4024EA0303D2
:108CD40013430B6070BD6FF08500FBE70888C0F399
:108CE4000B0008B500F62C73C3F30B03202B0AD832
:108CF40000F1B0404B6800F51130026893430CBF9B
:108D04000220012008BDFAF713FB00280CBF022043
:108D14000120F7E7436800205B681B690B6070471C
:108D240043685B68586942400A40424000205A61E7
:108D34007047436800205B68996170474368090481
:108D440000205B6899617047436800205B685A693A
:108D540051405961704730B50369986800B30024E5
:108D6400884219D108688CB9DC689860A14200D1A6
:108D7400D860002008602AB19A680A60DA689960AD
:108D840002B9D96000200FE02846E9E72060D868DE
:108D9400814208BFDC60ECE705680446002DF3D18E
:108DA400002AE9D16FF0150030BDF8B512F4003493
:108DB4000D46076902F030061DD0940718D55107F7
:108DC4003BD54FF42044130301D544F48014102EF2
:108DD4002ED144F4802412F4403611D0796821FA5B
:108DE40005F3DB075FBF0123AB400B437B6007E068
:108DF4004FF40054E7E7D103E9D4F6B94FF4C04483
:108E040002F44023D2012946003B02F4403218BF49
:108E140001232243FDF72FFC46B97B6823FA05F2B0
:108E2400D20741BF0122AA4093437B600020F8BDD2
:108E3400202E08BF44F40024CDE76FF08500F6E748
:108E440070B50B690E460546996809B10C6801B9FD
:108E540070BD8A682A4002D04B68304698471CB1DE
:108E6400236821461C46F2E72346FAE730B5036837
:108E740013600579046804EBC504A34202D36FF0C0
:108E8400010030BD5C7908338C42F1D10020F8E751
:108E9400F8B5044600EB8105AC4201D100200FE097
:108EA40054F8046B06F01F00C6F34317F7F71AFED5
:108EB40038B1012332463946FDF7DDFB0028EBDAF1
:108EC400F8BD6FF01200FBE7EFF31180102383F37A
:108ED4001288BFF36F8F70477047F7B50446E0B14F
:108EE40090F8953403F0FF021BB980F89424FFF73F
:108EF400F3FF03232068251D84F8953400F0A9FAB4
:108F0400237C8DF80030206895E80E0000F04DFABF
:108F1400014630B1022384F895340125284603B074
:108F2400F0BD206800F09BFA0028F3D1267904F103
:108F3400140301270246C1B224338E4220D80021F3
:108F440004F515730A46C8B22433864226D8237C16
:108F54008DF80030206895E80E00FBF765F80546AB
:108F64000028D7D10123607484F89534237B012B26
:108F740002D1204600F0E2F9206800F043FCCDE77E
:108F840023F80A0C013003F8237C03F8241C03F8AB
:108F9400202C43F8142C43E90722CCE7013103F8D1
:108FA400232C03F8240C03F8202C43F8142C43E955
:108FB4000722C8E7704738B5044610B9012528468A
:108FC40038BD032380F89534006800F0DBFB0546C8
:108FD4000028F3D12046FFF7EDFF84F89554EEE71F
:108FE40010B590F8942404460368012A16D001228F
:108FF40080F89424DA68520606D5427B012A03D10C
:109004009A6B42F480329A63206800F01CFA20685C
:1090140000F0EAFB002084F8940410BD0220FCE771
:1090240038B590F894340446012B1BD0012305680D
:1090340080F89434284600F00CFA206800F0E2FB33
:109044001021206800F039FAEB685B0606D5637BD3
:10905400012B03D1AB6B23F48033AB63002084F882
:10906400940438BD0220FCE77047704710B590F8AF
:1090740094240446012A0AD00122417480F89424DD
:10908400006800F0A1FB002084F8940410BD0220C5
:10909400FCE770B50546242401F00F0011F0800FA1
:1090A400C2F30A0200FB04F414BF04F1140104F532
:1090B400157105EB040619BF012449194919002447
:1090C40014BF747586F855428A604A7808700B712B
:1090D40002B14883022B04BF00234B7195F89434EA
:1090E400012B09D00123286885F8943400F03BFA59
:1090F400002085F8940470BD0220FCE701F00F0203
:10910400242311F0800F02FB03F310B514BF03F105
:10911400140103F515710446184415BF01230023F7
:109124000919091914BF437580F855320A7094F867
:109134009434012B09D00123206884F89434FBF77C
:109144002BF8002084F8940410BD0220FCE738B505
:109154001546242401F00F02544304F51571044408
:10916400C4E99853002384F854220144C4F86832B3
:1091740084F855328279012A08BFC4F87052006815
:10918400FBF76AF8002038BD01F00F01242303FB2C
:109194000100D0F86802704738B51546242401F060
:1091A4000F02544304F114010444C4E90853002396
:1091B40022750144A3620123637582799A4208BF30
:1091C40025630068FBF748F8002038BD38B501F086
:1091D4000F0503790446AB422BD311F0800F4FF0F7
:1091E40024031DD06B43012203F114010344014401
:1091F4005A7501230D708B7094F894249A421AD0F6
:10920400206884F8943400F069FA2DB904F29C4281
:10921400A1792068FBF706F9002084F8940438BD8E
:109224004B43002203F515710344014483F855228E
:10923400DFE70120F3E70220F1E738B501F00F0280
:1092440003790446934225D3242311F0800F4FF071
:10925400000502FB03F314BF03F1140103F51571B8
:10926400184419BF012309190919002314BF4375B0
:1092740080F855328D700A7094F89434012B0BD019
:109284000123206884F8943400F053FA284684F8C3
:10929400945438BD0120FCE70220FAE701F00F03E3
:1092A400242253430A064CBF03F1140103F515713C
:1092B4000144006800F096B910B590F8943404465F
:1092C400012B10D0012380F894340B06006807D5D5
:1092D40001F00F0100F0F1F8002084F8940410BDAF
:1092E40000F00EF9F8E70220F9E7006800F0D8BAB8
:1092F400006800F0E1BA70B500681204436A19B955
:1093040013438362002070BD846A4E1E03EB144332
:109314000024A64205D83F31134300EB810043608B
:10932400F0E704F14005013400EB85056D6803EBBB
:109334001543EEE703680020596270470121026873
:109344000346C0F8D814002083F8CC04936943F092
:1093540000639361536D43F0805343F003035365FB
:109364007047704782B0002302460193019B01338A
:109374000193019BB3F1706F15D81369002BF5DAD3
:1093840000230193136943F001031361019B01332B
:109394000193019BB3F1706F05D8106910F00100BF
:1093A400F4D102B070470320FBE784B038B505ADB3
:1093B400044685E80E009DF81930012B31D1836BEA
:1093C40023F480338363C36823F4840323F04003CA
:1093D400C360C36823F44013C3609DF82030012B9D
:1093E40003D1C36843F48013C3602046FFF7BAFF78
:1093F4009DF81630012B10D1E36D9BB2E365E36D4C
:1094040043F07B7343F40033E365A36843F006033E
:10941400A360A36843F02003A360BDE8384004B010
:109424007047C36843F04003C360FFF79BFF9DF898
:109434001D3023B9A36B43F48033A363D8E7A36B34
:1094440023F48033F9E7836843F001038360002049
:109454007047836823F0010383600020704738B5A8
:10946400C368012905460C4623F0C043C36013D1E9
:10947400C368002443F00053C3600A200A34FDF794
:10948400EFF86B69D90702D4C82CF6D1C824A4F12B
:10949400C8035842584138BD69B9C36843F0804392
:1094A400C3600A200A34FDF7DBF86B69DA07EED5EE
:1094B400C82CF6D1EAE70120EDE782B0002302468A
:1094C4000193019B01330193019BB3F1706F15D894
:1094D4001369002BF5DA8901002341F0200101937F
:1094E4001161019B01330193019BB3F1706F05D8A6
:1094F400106910F02000F4D102B070470320FBE79C
:1095040082B0002302460193019B01330193019B26
:10951400B3F1706F13D81369002BF5DA00230193AC
:1095240010231361019B01330193019BB3F1706F0D
:1095340005D8106910F01000F4D102B07047032070
:10954400FBE7D0F800381943C0F800180020704732
:10955400D0F8083813F0060004D013F0020F14BF3B
:1095640002200F20704730B50C78012200F500630B
:1095740004F00F0500EB4410AA404D78012D19D1D9
:10958400DD692A43DA61D0F800391A0410D48A68F4
:10959400D0F80059C2F30A030A792B4343EA824301
:1095A40043EA845343F0805343F40043C0F8003942
:1095B400002030BDDC6944EA0242DA61D0F8003BA5
:1095C4001B04F5D48B68D0F8002BC3F30A031343B0
:1095D4000A7943EA824343F0805343F40043C0F8DA
:1095E400003BE5E7002382B04A780193012A0B7817
:1095F4004FEA431321D100F510601A58002A02DB08
:10960400002002B070471A5842F000621A500B78DA
:109614005B011A5842F080421A5042F21072019BC8
:1096240001330193019B934201D90120E9E70B78AF
:109634005B01C358002BF2DBE2E700F530601A58F7
:10964400002ADDDA1A5842F000621A500B785B01E6
:109654001A5842F080421A5042F21072019B0133B0
:109664000193019B9342E0D80B785B01C358002B14
:10967400F4DBC5E710B59DF8084044B90333013263
:109684009B0800EB023001EB8303994201D10020D7
:1096940010BD51F8042B0260F7E770B5002394085D
:1096A40000F5805502F00302A34204D301EB8401C8
:1096B40032B9084670BD2E6841F823600133F3E7E0
:1096C40000F5805000230468D80024FA00F05854B0
:1096D400013398B28242F7D15018EBE74A780B78FD
:1096E400012A00EB431012D1D0F80029002A06DB2E
:1096F4002BB1D0F8003923F08043C0F80039D0F8FA
:10970400003943F40013C0F8003900207047D0F842
:10971400002B002A06DB2BB1D0F8003B23F080435A
:10972400C0F8003BD0F8003B43F40013C0F8003B02
:10973400EBE70B7800EB43104B78012B11D1D0F8F9
:10974400003923F40013C0F800390B79023B012BD4
:1097540005D8D0F8003943F08053C0F80039002010
:109764007047D0F8003B23F40013C0F8003B0B799A
:10977400023B012BF3D8D0F8003B43F08053C0F8F0
:10978400003BECE710B500F51063044600F52E61CC
:109794004FF67F329A602033C3F8E8218B42F9D127
:1097A40000222046C4F81028C4F81428C4F81C2841
:1097B400FFF7A6FE08B1032010BD10212046FFF7D5
:1097C4007CFE0028F8D0F6E7D0F80038090123F42D
:1097D400FE6301F4FE61C0F80038D0F80038194384
:1097E400C0F8001800207047D0F8003E23F00303AF
:1097F400C0F8003ED0F8043823F00203C0F804385F
:1098040000207047D0F8003E23F00303C0F8003E68
:10981400D0F8043843F00203C0F80438002070473D
:109824004269806910407047D0F8183800F500602C
:10983400C0691840000C7047D0F8183800F5006073
:10984400C069184080B2704700EB411100F5006018
:10985400D1F8082B406910407047D0F81028D0F890
:10986400343800EB411001F00F0100F51060CB40DB
:109874008068DB01DBB2134318407047406900F095
:1098840001007047D0F800396FF30A03C0F80039BB
:10989400D0F8043843F48073C0F8043800207047CB
:1098A400D0F8083800F50060DB0703D5436843F0BF
:1098B4000103436000207047D0F8043823F001030B
:1098C400C0F804380020704738B5044650B1F9F7A1
:1098D400F7FE4FF48C7305465C43F9F7F1FE431B26
:1098E400A342FAD338BD10B5436904463BB90020FE
:1098F400E2684042537843F00103537010BD984727
:109904000028F4D00028E368B8BF4042FF28A8BF6D
:10991400FF201870ECE740B1C368587810F00100DC
:109924001EBF1878B0FA80F040097047EFF3118336
:10993400102383F31288BFF36F8FFEE708B5FFF798
:10994400F5FF2DE9F04F89B005460F46059206A8AC
:10995400DDE912684346324600F032FBDDE90634A5
:10996400CDE90234EFF311844FF0100989F3128822
:10997400BFF36F8F05F10C0A05F1140B059A3946F4
:109984002846149B984730B184F31188BFF36F8F36
:1099940009B0BDE8F08F56EA0806F5D006A8DDE95F
:1099A400022300F032FB524621465846DDE90668A0
:1099B400CDE90068FBF708FEEFF3118489F3128800
:1099C400BFF36F8FDAE710B400F10C04C0E903446D
:1099D40010BCFCF763BD38B50446EFF311851023C2
:1099E40083F31288BFF36F8FFCF760FC04F10C0063
:1099F40000F078FA30B1294604F11400BDE838408B
:109A040000F056BA85F31188BFF36F8F38BD10B5D7
:109A140042696AB1836842EA0301890708D101698E
:109A2400A2FB011424B95B182CBF0121002102D32D
:109A34006FF0150005E09B1AC16002698A4201D8E3
:109A4400002010BDC26801311A604269C3609B1ACC
:109A5400F3E72DE9F04105460F46EFF31188102393
:109A640083F31288BFF36F8FC668F6B90468A04207
:109A74001BD0D4B104F11800D4E9003213605A6049
:109A8400237CA66023F00203C4E900662374FBF779
:109A9400FBFF2046A667676100F0CBF9414605F15C
:109AA4000800BDE8F04100F003BA3E60AB69EF6026
:109AB400013BAB6188F31188BFF36F8FBDE8F08180
:109AC40010B51024EFF3118384F31288BFF36F8F62
:109AD400FCF74DFEF6E7D0E9003213605A6000232C
:109AE400027C836022F00202C0E9003302747047F2
:109AF400C0E9022303FB021200230161C161036276
:109B040080F82430C0E90521C0E90000704713B58E
:109B140001240094FAF7EEFE02B010BD90F90E3065
:109B24008B4201D0FBF77CBD00207047D0E90032A6
:109B340013605A600023027C836022F00202C0E9B1
:109B44000033027470472DE9F843904604460D46ED
:109B54009DF82020EFF31187102181F31288BFF3C1
:109B64006F8F02B1456804F10809A668B14515D0A4
:109B7400A6B130460024FFF7D9FF06F11800FBF721
:109B840083FF3046B467C6F8148000F052F94846A3
:109B9400394600F08DF92046BDE8F883A3B10820CA
:109BA400FCF760F8002832D00122C0F8048002607B
:109BB400016801F003015DB922680A43026062682A
:109BC40020606AB960600BE04046C8F80030EFE7F7
:109BD4002A68032A10D80160616839B9C4E9000011
:109BE400002087F31188BFF36F8FD5E70A6802F06E
:109BF400030202430A60E5E722F003020A4302601B
:109C04002A6802F0030240EA02032B60E8E76FF0DF
:109C14000B00E6E710B5044630B10268930703D0A1
:109C2400446809B100F012FA204610BD0023C0E9CF
:109C3400003300F10803C0E902337047012307B57C
:109C4400009300230A461946FFF77DFF03B05DF831
:109C540004FB002307B50A4619460093FFF773FF78
:109C640003B05DF804FB00210068FFF7D3BF0123B4
:109C740002688B4022EA0303036022FA01F000F039
:109C84000100704710B5032104460C30FFF7EFFFC5
:109C940030B104F11000FBF7F7FEB0FA80F0400990
:109CA40010BD20B100228C30114600F043B970473A
:109CB40073B50446EFF31185102383F31288BFF3C1
:109CC4006F8F00230193D0E90423B3F1004F08BF41
:109CD400012A05D085F31188BFF36F8F02B070BDE0
:109CE400A0F1100603210438FFF7C1FF0028F1D0CA
:109CF400A36901A930460193FBF7F6F8EAE738B502
:109D040004460D461022002100F0C1F9656038BDFB
:109D140013B501900846EFF31184102383F31288DE
:109D2400BFF36F8F01A9FBF7DFF884F31188BFF34A
:109D34006F8F02B010BD10B5FFF7EAFF041E08DDF7
:109D4400EFF31180102383F31288BFF36F8FFBF7B7
:109D5400D3FC204610BD38B530220D460021044600
:109D640000F095F94FF480736560E36038BDEFF35C
:109D74000580003818BF012070476FF05700704706
:109D840038B58589EFF31181102282F31288BFF36D
:109D94006F8F037C13F0080404D081F31188BFF3A0
:109DA4006F8F38BD0122FBF715FBEB07F9D584F360
:109DB4001188BFF36F8F0423184602DFF1E7FBF726
:109DC400C1BBD0E9003213605A600023C0E90033FC
:109DD400704708B5FFF7F5FF037C23F00203037413
:109DE4000023836008BD38B504460D46FBF73EFAF0
:109DF400237C43F002032374D5B1A5602B689D42F4
:109E040009D16B68C4E900531C606C6010E06A6897
:109E14009A42F6D01B68002BF3D093F90E1094F9F4
:109E24000E209142F3DD5A68C4E9003214605C608C
:109E340038BD10B5EFF31184102383F31288BFF3F8
:109E44006F8FFBF73DFA84F31188BFF36F8F10BD5A
:109E5400FBF736BAFBF70ABA08B5037C014613F0E0
:109E6400280F0CD183680BB1FFF7B3FF0B7C0846B6
:109E740023F004030B74BDE80840FBF721BA08BDC6
:109E840010B5EFF31184102383F31288BFF36F8F9F
:109E9400D0E90423B3F1004F08BF012A04D084F3AE
:109EA4001188BFF36F8F10BD1838FFF7D5FFF6E7A1
:109EB4000846FBF745BA38B5054604680020AC42AD
:109EC40000D138BD002CFCD02046FFF782FF04F1FE
:109ED4001800FBF7D9FD2046FBF7F2F92C680120A6
:109EE400A542EDE710B5EFF31184102383F3128834
:109EF400BFF36F8FFFF7DFFF84F31188BFF36F8F1A
:109F040010BD38B505460C46FBF70AFCB4F1FF3F1B
:109F140008BFB5F1FF3F0AD0C11709304FF00A025C
:109F24004FF0000341F10001F6F7C0FB38BD4FF0DC
:109F3400FF30FBE738B5EFF31185102383F3128864
:109F4400BFF36F8F0468A0421BD0E4B1626104F1D7
:109F54001800A167D4E9003213605A600023227C00
:109F6400A36022F00202C4E900332274FBF78CFDE3
:109F74002046FFF76DFF012085F31188BFF36F8F33
:109F840038BD0020F8E72046F6E708B50246FBF79F
:109F9400D3FC70B1D0E904319B1A61EBE272B3F1E6
:109FA400004F72F1000104DA002AACBF1846002009
:109FB40008BD6FF00040FBE708B5FBF715FE08BDD0
:109FC400B3F1FF3F08BFB2F1FF3F70B506461D462F
:109FD400144614D01A4316D0002B08DBFBF704FEFA
:109FE400041941EB05013046C6E9004170BD6FF02C
:109FF40001031C1B4FF0FF3363EB0501F3E74FF044
:10A00400FF342146EFE70024FBE7B3F1FF3F08BF2D
:10A01400B2F1FF3FF8B5074616461C4610D054EA85
:10A02400020311D0FBF7E0FDB0420A460346A1410A
:10A034000AD2F31A64EB02043846C7E90034F8BDC7
:10A044004FF0FF331C46F7E70023FBE7014610B54A
:10A0540070B151F8040DEFF31184102383F31288C7
:10A06400BFF36F8FFCF722F984F31188BFF36F8F6E
:10A0740010BD0A44914200F1FF3300D1704710B57E
:10A0840011F8014B03F8014F9142F9D110BD02447C
:10A094000346934200D1704703F8011BF9E710B55A
:10A0A400024601448A42134603D01C780132002C34
:10A0B400F8D1181A10BDF0B5C3F137070446FFB242
:10A0C40003F01F031046082BE6B233D0102B3ED00A
:10A0D4006508A40844EA817445EAC1752D194FEA5C
:10A0E400910242EB5102290941EA02716D1842EBD7
:10A0F4001212290A41EA02616D1842EB1222290C5C
:10A1040041EA02416D1842EB1242AD1842F10002DD
:10A11400EC0844EA4274D10804EB8402A6EB42053D
:10A12400EDB2092D0CD90134A5F10A0541F1000164
:10A13400EDB212E0E40844EA417406F00705C908E8
:10A14400303554EA010200F8015BBCD1F0BD2409AA
:10A1540044EA017406F00F050909092D84BFED19BD
:04A16400EDB2EDE784
:08A168009065FF7F010000007B
:10A170000000000050A20008610A00080000000072
:10A180003548000800000000754800080000000085
:10A19000000000004CA300080000000014A3000809
:10A1A00000000000A0A300080000000030A3000889
:10A1B0000000000084A300080000000068A300085D
:10A1C00000000000F8A2000800000000DCA2000867
:10A1D00000000000C0A2000800000000A4A20008C7
:10A1E0000000000088A20008000000006CA2000827
:10A1F000137C00080000000000000000BCA3000861
:10A20000553300080000000000000000D8A300083B
:10A210000535000800000000F517000800000000E8
:10A22000795C0008000000005134000800000000C4
:10A2300000000000F4A300087926000800000000D8
:10A24000F509000800000000F10B00080000000004
:10A2500000B00008000000001CA70008FE03002456
:10A26000000000005931000800000000CBAA0008DF
:10A2700094A70008F8A60008E2030024E8110024CF
:10A28000C90A000800000000D9AA0008A8A7000811
:10A29000F8A60008E4030024F8110024C90A000805
:10A2A00000000000E7AA0008BCA70008F8A6000804
:10A2B000E603002408120024C90A00080000000078
:10A2C000F5AA0008D0A70008F8A60008E8030024B3
:10A2D00018120024C90A00080000000003AB00089F
:10A2E000E4A70008F8A60008EA03002428120024C6
:10A2F000C90A00080000000011AB0008F8A7000818
:10A30000F8A60008EC03002438120024C90A00084B
:10A31000000000001FAB00080CA80008F8A6000809
:10A32000EE03002448120024C90A000800000000BF
:10A330002DAB000820A80008F8A60008F0030024B0
:10A3400058120024C90A0008000000003BAB0008B6
:10A3500034A80008F8A60008F203002468120024BC
:10A36000C90A00080000000049AB000848A800081E
:10A37000F8A60008F403002478120024C90A000893
:10A380000000000057AB00085CA80008F8A6000811
:10A39000F603002488120024C90A00080000000007
:10A3A000D5AF00080000000000000000FA03002400
:10A3B00000000000752B000800000000C2AF00087C
:10A3C00000A9000838A70008F80300243000002482
:10A3D000AD29000800000000BBAA00088CA70008F7
:10A3E00000000000E0030024000000007D0A0008D7
:10A3F00000000000F3AF000838A90008ACA900086D
:10A40000FC03002464020024152E00080000000054
:10A4100000000000576700080000000057670008B0
:10A4200000000000576700080000000057670008A0
:10A430000000000057670008000000005767000890
:10A440008FB00008B92B00088DB00008B92B0008A8
:10A450008BB00008B92B000889B00008B92B0008A0
:10A4600087B00008B92B00080000000057670008FB
:10A470000000000057670008000000005767000850
:10A480000000000057670008000000005767000840
:10A490000000000057670008000000005767000830
:10A4A0000000000057670008000000005767000820
:10A4B0000000000057670008000000005767000810
:10A4C000000000005767000885B00008B92B00089D
:10A4D00000000000576700080000000057670008F0
:10A4E00000000000576700080000000057670008E0
:10A4F00000000000576700080000000057670008D0
:10A5000000000000576700080000000057670008BF
:10A5100000000000576700080000000057670008AF
:10A52000000000005767000800000000576700089F
:10A53000000000005767000800000000576700088F
:10A54000000000005767000800000000576700087F
:10A5500083B00008B92B000800000000576700080E
:10A56000000000005767000800000000576700085F
:10A57000000000005767000800000000576700084F
:10A58000000000005767000800000000576700083F
:10A59000000000005767000800000000576700082F
:10A5A000000000005767000800000000576700081F
:10A5B000000000005767000800000000576700080F
:10A5C00000000000576700080000000057670008FF
:10A5D00000000000576700080000000057670008EF
:10A5E00000000000576700080000000057670008DF
:10A5F00000000000576700080000000057670008CF
:10A6000000000000576700080000000057670008BE
:10A6100000000000576700080000000057670008AE
:10A62000000000005767000800000000576700089E
:10A63000000000005767000800000000576700088E
:10A64000000000005767000800000000576700087E
:10A65000000000005767000800000000576700086E
:10A66000000000005767000800000000576700085E
:10A670000000000057670008E00900248138000846
:10A68000000000005767000800000000576700083E
:10A69000000000005767000800000000576700082E
:10A6A000000000005767000800000000576700081E
:10A6B000000000005767000800000000576700080E
:10A6C00000000000576700080000000057670008FE
:10A6D00000000000576700080000000057670008EE
:10A6E00000000000576700080000000057670008DE
:08A6F00000000000576700089C
:10A6F800AF8D0008198D0008258D0008378D0008DA
:10A70800418D00084D8D0008A53300085B8D0008B9
:10A7180000000000298C00086D8C00080000000073
:10A728008D300008E18C0008000000009B8C0008B8
:10A738008977000839290008000000002D770008F3
:10A74800DD770008B377000875770008B77A000846
:10A7580093780008F3760008ED7A000889780008F5
:10A76800000000000B770008000000000000000057
:0CA7780013770008737A000825770008AA
:10A78400F400000002000000E000000000000010DF
:10A79400FFFF0000002802580A000000E00000004B
:10A7A40000040000FFFF000000240258090000001C
:10A7B400E000000000020000FFFF0000002002583B
:10A7C40008000000E000000000010000FFFF00009E
:10A7D400001C025807000000E00000008000000098
:10A7E400FFFF00000018025806000000E00000000F
:10A7F40040000000FFFF00000014025805000000A4
:10A80400E000000020000000FFFF000000100258DC
:10A8140004000000E000000010000000FFFF000042
:10A82400000C025803000000E000000008000000D3
:10A83400FFFF00000008025802000000E0000000D2
:10A8440004000000FFFF00000004025801000000A3
:10A85400E000000002000000FFFF000000000258BA
:10A8640000000000E00000000100000084A30008D4
:10A8740068A300084CA3000830A3000814A3000830
:10A88400F8A20008DCA20008C0A20008A4A20008E4
:10A8940088A200086CA2000803000000A4A8000815
:10A8A4000000000865AB0008200002060000002438
:10A8B4006BAB000822000B110000F01F70AB000806
:10A8C4002400041177AB0008000000900000001081
:10A8D4000000000287AB00080000007000000010B8
:10A8E40000000002000000240000000000000B062D
:10A8F4008118000800000000B9670008C4010024A2
:10A90400000000008603002404020024D80100246F
:10A91400F4A8000824A900080002000000000000B8
:10A9240060050024F0A900081C04002400000000B5
:10A9340000000000000004400900000000100000B6
:10A94400BF8700084D00000084A9000894A90008EE
:10A95400FCA9000800000000000000000000000046
:10A964000000000002000000010000006814002440
:10A9740048130024401A002400020000FF030200D0
:10A98400D800000000000002050000005400340359
:10A994009CA9000801000000A4A90008020000000E
:10A9A400606100008061000081850008A3880008C0
:10A9B400998700086D870008FD88000800000000E2
:10A9C400EF86000845870008C98700082D8700081E
:10A9D40000000000D98500089B850008492D000867
:10A9E400012D00080B880008C58A0008FD8B0008AB
:10A9F40000000000E58B00085130000869300008B1
:10AA04000000000470A1000870A1000810A2000852
:10AA140018A2000840A2000850A2000812B00008C2
:10AA2400000100000000000009042A2A2A2A2A2022
:10AA340064656C6179696E6720626F6F742035306C
:10AA440030306D732028706572206275696C6420E3
:10AA5400636F6E66696775726174696F6E29202A07
:10AA64002A2A2A2A0A002A2A2A20426F6F74696E27
:10AA740067205A6570687972204F53206275696C3B
:10AA8400642076342E342E302D333833382D6761DC
:10AA94006239323233326366636431202864656C10
:10AAA4006179656420626F6F7420353030306D7366
:10AAB40029202A2A2A0A006D656D6F72794033387D
:10AAC400383030303030006770696F40353830329C
:10AAD40032383030006770696F4035383032323484
:10AAE4003030006770696F40353830323230303082
:10AAF400006770696F403538303231633030006739
:10AB040070696F40353830323138303000677069E1
:10AB14006F403538303231343030006770696F40FF
:10AB24003538303231303030006770696F40353835
:10AB3400303230633030006770696F4035383032FE
:10AB440030383030006770696F4035383032303417
:10AB54003030006770696F40353830323030303013
:10AB640000464C415348005352414D0053595354ED
:10AB7400454D006D656D6F7279403930303030303D
:10AB84003030006D656D6F72794037303030303061
:10AB94003030006364635F61636D5F3000636463DE
:10ABA4005F61636D5F73657269616C0072302F6100
:10ABB400313A2020307825303878202072312F61C6
:10ABC400323A2020307825303878202072322F61B4
:10ABD400333A20203078253038780A0072332F61D8
:10ABE400343A2020307825303878207231322F6979
:10ABF400703A2020307825303878207231342F6C28
:10AC0400723A20203078253038780A002078707322
:10AC1400723A20203078253038780A004661756C05
:10AC240074696E6720696E737472756374696F6E8C
:10AC3400206164647265737320287231352F7063E8
:10AC4400293A203078253038780A00556E68616ECC
:10AC5400646C6564204952516E3A2025640A002AC6
:10AC64002A2A2A2A204D5055204641554C54202A40
:10AC74002A2A2A2A0A002020537461636B696E67AA
:10AC8400206572726F722028636F6E746578742009
:10AC940061726561206D69676874206265206E6FFA
:10ACA400742076616C6964290A002020556E7374DF
:10ACB40061636B696E67206572726F720A0020208F
:10ACC40044617461204163636573732056696F6CDA
:10ACD4006174696F6E0A0020204D4D464152204137
:10ACE4006464726573733A20307825780A002020F2
:10ACF400496E737472756374696F6E204163636522
:10AD040073732056696F6C6174696F6E0A0020203A
:10AD1400466C6F6174696E672D706F696E74206C18
:10AD2400617A7920737461746520707265736572D9
:10AD3400766174696F6E206572726F720A002A2AD6
:10AD44002A2A2A205553414745204641554C542030
:10AD54002A2A2A2A2A0A0020204469766973696FFC
:10AD64006E206279207A65726F0A002020556E6128
:10AD74006C69676E6564206D656D6F7279206163BF
:10AD8400636573730A0020204E6F20636F70726FC7
:10AD9400636573736F7220696E737472756374691B
:10ADA4006F6E730A002020496C6C6567616C206CBF
:10ADB4006F6164206F66204558435F524554555275
:10ADC4004E20696E746F2050430A002020496C6C39
:10ADD4006567616C20757365206F662074686520F3
:10ADE400455053520A002020417474656D707420DC
:10ADF400746F206578656375746520756E64656627
:10AE0400696E656420696E737472756374696F6EBC
:10AE14000A002A2A2A2A2A20425553204641554C00
:10AE240054202A2A2A2A2A0A002020537461636B98
:10AE3400696E67206572726F720A00202050726515
:10AE4400636973652064617461206275732065723F
:10AE5400726F720A0020204246415220416464729B
:10AE64006573733A20307825780A002020496D7084
:10AE7400726563697365206461746120627573200F
:10AE84006572726F720A002020496E737472756362
:10AE940074696F6E20627573206572726F720A0036
:10AEA400526573657276656420457863657074696C
:10AEB4006F6E20280053707572696F757320696E08
:10AEC4007465727275707420284952512000535071
:10AED40053454C20696E20746872656164206D6FFF
:10AEE400646520646F6573206E6F7420696E646995
:10AEF40063617465205053500A002A2A2A2A2A20A2
:10AF040048415244204641554C54202A2A2A2A2A90
:10AF14000A002020427573206661756C74206F6E80
:10AF240020766563746F72207461626C652072654B
:10AF340061640A0020204465627567206576656E49
:10AF4400740A0020204661756C7420657363616C1B
:10AF54006174696F6E20287365652062656C6F7714
:10AF6400290A00415243485F4558434550542077CD
:10AF740069746820726561736F6E2025780A0A000F
:10AF84002A2A2A2A2A204465627567206D6F6E6911
:10AF9400746F7220657863657074696F6E202A2AF5
:10AFA4002A2A2A0A002A2A2A2A2A202573202564E2
:10AFB40029202A2A2A2A2A0A007573626400626FE9
:10AFC4006172645F6364635F61636D5F7561727412
:10AFD40000696E746572727570742D636F6E74722D
:10AFE4006F6C6C65724035383030303030300075FD
:10AFF4007362403430303430303030007263634038
:10B004003538303234343030006D61696E00737914
:10B0140073776F726B7100286E756C6C29002A66E9
:10B024006C6F61742A00485320436F6E66696775BC
:10B03400726174696F6E00465320436F6E66696770
:10B0440075726174696F6E004344432041434D201F
:10B0540073657269616C206261636B656E64005A2A
:10B0640065706879722050726F6A6563740030315C
:10B074003233343536373839414243444546000A81
:10B08400060505040103010201010100010000009D
:10B09400000102030401020304060708090000007A
:10B0A40000000000A12700080000000000010000CB
:10B0B400000000000000000000000000000000008C
:10B0C400000000000000000000000000000000007C
:10B0D400BCA3000800C2010000000800000000003A
:10B0E400000000000000000000000000000000005C
:10B0F400000000000000000000000000000000004C
:10B1040000000000B0010024000000009C010024A5
:10B11400000000000000000000000000000000002B
:10B12400000000000000000000000000000000001B
:10B13400000000000000000000000000000000000B
:10B1440000000000000000000000000000000000FB
:10B15400000000000000000000000000BC0000240B
:10B16400BC000024000000000100000000000000FA
:10B17400236500080000000050030024FC000024A4
:10B18400000000000000000000000000590300243B
:10B194001401002400000000000000000000000072
:10B1A4000000000000040100000000002AB00008B4
:10B1B4002203000000000000000000000004010061
:10B1C400000000003BB00008220300000000000063
:10B1D4000000000000030300000000000000000065
:10B1E4000003000000000000000000000002010055
:10B1F400000000004CB000082E0300000000000016
:10B2040000000000000101000000000063B000081D
:10B214001E03000000000000000000000000000009
:10B22400000000002CAA0008040300000000000035
:10B23400AF67000800000000000000004036002452
:10B2440000000000000000000000000000040000F6
:10B25400403A00240000000000000000000000004C
:10B264000004000097AB0008000000003002002436
:10B2740000000000BCA30008860300248E03002401
:10B28400970300249C030024A1030024A5030024A5
:10B29400C8030024B1030024CF030024D6030024F0
:10B2A400DD030024860300248E0300249703002476
:10B2B4009C030024A1030024A5030024AA03002462
:10B2C400B1030024BA030024C1030024DD030024D5
:10B2D400000000009576000895280008F52800086D
:10B2E400C178000855770008B57800080000000010
:10B2F400377B00089D780008EB7700080000000009
:10B304009776000800000000000000000000000024
:10B314000000000000000000000000000000000029
:10B324000000000000000000000000000000000019
:10B334000000000000000000000000000000000009
:10B3440000000000000000000000000000000000F9
:10B3540000000000000000000000000000000000E9
:10B3640000000000000000000000000000000000D9
:10B3740000000000000000000000000000000000C9
:10B384000000000000000000E8020024E80200249D
:10B3940000000000000000000E000000000000009B
:10B3A4000000000000000000E0090024000000008C
:10B3B40000000000000000000090D0030090D003C3
:10B3C400C8000000FFFFFFFF280300242803002417
:10B3D400FF00FF00FF00FF00FF00FF00FF00FF0071
:10B3E400FF00FF00FF00FF00FF00FF00FF00FF0061
:10B3F40009020000000100807D0902000000010034
:10B40400807D12010002EF020140E32F04000404D6
:10B414000000000012010002EF020140E32F0400CB
:10B42400040400000000080B0002020200000904EA
:10B43400000001020200000524001001052401009F
:10B4440001042402020524060001070581031000FB
:10B454000A09040100020A000000070582024000F4
:10B4640000070501024000000705810310000707DB
:0FB474000582020002000705010200020000002D
:10B4830000000000000000000000000000000000B9
:10B4930000000000000000000000000000000000A9
:01B4A30000A8
:10B4A40000040024000400243833002400000000B9
:0CB4B40008000000100000000000000074
:10B4C00000000000C02E0024000400000000000066
:04B4D0000000000078
:10B4D40030040024300400240C0000000A000000A2
:10B4E400C032002438330024C0320024C032002487
:08B4F400000000000000000050
:10B4FC00580400245804002401000000010000003E
:10B50C0000000000000000007004002470040024FF
:10B51C00020002000A0000000000000014A900084C
:10B52C00B833002400000000000000009404002444
:10B53C0094040024100010000A0000004D7D000847
:08B54C0028A9000800340024C6
:10B55400A1AB000800000000000000000000000093
:10B564000000000000000000F4A300080000000038
:10B5740000000000000000000000000000000000C7
:10B5840000000000000000000000000000000000B7
:10B5940000000000000000000000000000000000A7
:10B5A4000000000000000000000000000000000097
:10B5B4000000000000000000000000000000000087
:0CB5C40074030024620300240000000057
:10B5D00000000000C4010024000000000000000082
:08B5E000000000000000000063
:10B5E80000000000C401002400000000000000006A
:08B5F80000000000000000004B
:04B6000015E015E05C
:04000005080011A13D
:00000001FF
